Transaction ID,Customer ID,product detail,City,Quantity,Price variation,Discount,Transaction Date,Revenue,Profit,Store
TTD1,32773,Grocery,Karachi,16,2402,0.2543355561440178,2025-10-29 15:13:44,28657.38,3675.61,Store D
TTD2,22149,Book,Faisabad,16,3658,0.0783399447483018,2025-10-30 13:55:37,53942.92,13069.48,Store C
TTD3,50218,Sports,Islamabad,7,604,0.1751745342924012,2024-06-09 01:37:06,3487.36,915.14,Store A
TTD4,57448,Sports,Islamabad,12,1520,0.2298422684343067,2025-05-05 04:27:19,14047.68,3569.43,Store A
TTD5,92242,Clothing,Queeta,3,2121,0.0408203247261892,2025-11-01 02:38:16,6103.26,999.61,Store F
TTD6,78856,Grocery,Karachi,8,4713,0.2337821606370839,2024-10-24 01:46:35,28889.48,7391.16,Store D
TTD7,32875,Book,Peshawar,4,2253,0.2953824328022668,2025-10-04 23:43:15,6350.01,1881.52,Store E
TTD8,15008,Book,Faisabad,12,2277,0.1482585062809336,2024-07-14 17:26:50,23272.98,4277.72,Store C
TTD9,65451,Sports,Queeta,11,2706,0.1736181737332444,2025-01-31 14:10:44,24598.08,3148.75,Store F
TTD10,81291,Book,Faisabad,3,699,0.0123123504096444,2024-03-02 20:34:53,2071.18,316.49,Store C
TTD11,47747,Grocery,Karachi,17,2622,0.2155059871632345,2025-11-21 07:59:17,34968.04,7279.06,Store D
TTD12,50168,Grocery,Lhore,14,533,0.1177585971221229,2024-03-25 03:37:56,6583.29,665.15,Store B
TTD13,30899,Electronics,Islamabad,6,1959,0.1504237901023132,2025-05-02 14:26:35,9985.92,1007.9,Store A
TTD14,91121,Sports,Faisabad,9,3228,0.2220851547783953,2025-10-13 21:11:41,22599.98,3032.23,Store C
TTD15,10186,Electronics,Karachi,12,1092,0.0610647467991324,2025-12-27 20:13:54,12303.81,3629.1,Store D
TTD16,94265,Clothing,Queeta,7,2087,0.2026299608037948,2025-12-28 02:13:04,11648.78,2514.99,Store F
TTD17,67539,Electronics,Queeta,16,1766,0.1861453259684868,2024-02-29 02:47:37,22996.28,2713.09,Store F
TTD18,76068,Grocery,Peshawar,12,3543,0.0829540961447361,2025-10-31 09:46:57,38989.12,6285.53,Store E
TTD19,20587,Grocery,Peshawar,9,2640,0.2406448109593726,2025-12-18 08:35:50,18042.28,2054.09,Store E
TTD20,85630,Book,Lhore,12,3241,0.2895051567312716,2025-12-02 11:21:16,27632.57,3387.52,Store B
TTD21,14879,Clothing,Queeta,1,277,0.0786097044172158,2024-06-20 15:14:38,255.23,63.91,Store F
TTD22,54979,Book,Faisabad,7,3888,0.064668646744581,2025-07-20 03:50:07,25455.98,6355.84,Store C
TTD23,27287,Sports,Karachi,14,4069,0.1299645351185988,2025-01-09 06:27:28,49562.44,11515.53,Store D
TTD24,25160,Book,Faisabad,7,851,0.1102185291807568,2024-04-18 22:48:49,5300.43,1512.27,Store C
TTD25,34781,Electronics,Lhore,3,212,0.1675011831452532,2024-04-01 20:54:27,529.47,86.76,Store B
TTD26,31272,Grocery,Lhore,14,1604,0.2149008320156968,2024-01-20 02:43:41,17630.19,3065.43,Store B
TTD27,81930,Book,Faisabad,1,1649,0.1736755533455884,2024-03-22 02:52:33,1362.61,386.96,Store C
TTD28,48399,Clothing,Peshawar,7,4095,0.0487910614694485,2025-02-02 12:11:35,27266.4,7059.0,Store E
TTD29,35960,Electronics,Peshawar,4,3547,0.1009715477794429,2024-10-12 19:44:34,12755.42,3350.72,Store E
TTD30,51973,Sports,Karachi,3,2360,0.081765063149429,2024-10-24 11:00:40,6501.1,1711.09,Store D
TTD31,15198,Grocery,Faisabad,10,1384,0.2629287518253659,2025-12-06 22:52:32,10201.07,2758.69,Store C
TTD32,52224,Grocery,Lhore,15,3069,0.0389590166502819,2025-06-26 16:46:49,44241.52,4532.19,Store B
TTD33,86430,Grocery,Faisabad,4,3552,0.2232944021094784,2025-10-01 08:26:45,11035.43,1454.87,Store C
TTD34,35486,Electronics,Karachi,16,2406,0.0343210996697013,2025-05-25 12:22:27,37174.77,9169.69,Store D
TTD35,37929,Clothing,Islamabad,11,652,0.2764505017889971,2025-01-05 23:29:29,5189.3,539.49,Store A
TTD36,28518,Sports,Queeta,16,4653,0.0247539430203685,2024-03-10 15:20:01,72605.12,20288.61,Store F
TTD37,41382,Book,Islamabad,13,958,0.2670631784302449,2025-02-12 22:08:53,9128.0,1778.77,Store A
TTD38,65281,Electronics,Karachi,2,2615,0.2606467975208165,2024-08-28 16:22:12,3866.82,723.73,Store D
TTD39,39600,Grocery,Lhore,10,1155,0.1279545519844899,2025-09-13 22:35:46,10072.12,3017.92,Store B
TTD40,17228,Electronics,Islamabad,17,1302,0.2273747634378877,2024-01-24 05:21:54,17101.29,2579.32,Store A
TTD41,83343,Clothing,Lhore,18,4628,0.2676514606811699,2024-05-03 11:53:16,61007.56,15496.27,Store B
TTD42,75908,Clothing,Karachi,18,1791,0.1858092040174425,2024-09-06 23:57:11,26247.88,3323.2,Store D
TTD43,27765,Electronics,Queeta,9,1679,0.0496303695535611,2024-09-21 09:12:38,14361.04,1477.48,Store F
TTD44,38655,Clothing,Peshawar,7,3834,0.0728825175558904,2025-10-21 04:18:57,24881.98,6725.54,Store E
TTD45,73573,Book,Peshawar,15,871,0.1206074585477249,2024-06-12 14:12:27,11489.26,3349.54,Store E
TTD46,43149,Grocery,Karachi,4,1586,0.2299128848778987,2025-05-06 10:54:39,4885.43,517.89,Store D
TTD47,75110,Book,Islamabad,5,346,0.0570904889691592,2025-04-07 23:04:53,1631.23,206.06,Store A
TTD48,63826,Sports,Peshawar,13,2514,0.2385867841847357,2025-05-11 10:23:57,24884.51,3987.11,Store E
TTD49,14446,Electronics,Islamabad,8,2008,0.018111303375601,2025-11-08 14:30:19,15773.06,3753.31,Store A
TTD50,17829,Clothing,Faisabad,7,4529,0.110793500901699,2024-12-16 17:57:50,28190.51,7904.14,Store C
TTD51,91237,Grocery,Faisabad,16,4780,0.2949884479418299,2025-09-06 15:52:44,53919.28,7907.59,Store C
TTD52,18940,Book,Queeta,12,3677,0.1534111619387442,2024-02-04 00:53:43,37354.89,9582.22,Store F
TTD53,47673,Grocery,Queeta,10,3050,0.2582978873301502,2024-07-17 12:45:34,22621.91,3472.24,Store F
TTD54,66599,Sports,Peshawar,14,1710,0.2645520217783647,2025-06-27 19:14:41,17606.62,5031.52,Store E
TTD55,27123,Electronics,Queeta,13,1079,0.2168273226899615,2024-02-06 09:18:31,10985.56,2093.35,Store F
TTD56,16472,Clothing,Faisabad,1,3900,0.2146997429597803,2025-08-19 17:59:13,3062.67,864.51,Store C
TTD57,63303,Electronics,Lhore,8,4880,0.1218661998851057,2024-11-18 16:42:43,34282.34,7915.31,Store B
TTD58,22952,Grocery,Lhore,17,4611,0.2594901886909861,2025-06-08 06:00:18,58046.34,15990.83,Store B
TTD59,58748,Grocery,Lhore,8,321,0.2827905886412268,2025-01-19 14:08:47,1841.79,498.35,Store B
TTD60,77029,Electronics,Faisabad,15,3894,0.216264390052816,2024-11-22 18:09:19,45778.0,5010.92,Store C
TTD61,68360,Sports,Peshawar,15,2826,0.1220153191345249,2024-03-01 13:00:27,37217.77,10394.45,Store E
TTD62,75507,Sports,Peshawar,12,156,0.2410482474731179,2024-07-20 07:48:08,1420.76,364.95,Store E
TTD63,16879,Book,Peshawar,7,3265,0.0255823074791017,2024-03-12 19:30:06,22270.32,3230.42,Store E
TTD64,15690,Clothing,Faisabad,5,1518,0.0999298763867926,2025-01-08 19:55:39,6831.53,1469.8,Store C
TTD65,95317,Sports,Karachi,13,2466,0.2867229992519393,2025-01-14 02:05:52,22866.23,5003.16,Store D
TTD66,82669,Sports,Queeta,19,2968,0.2326985602540974,2024-01-14 04:14:30,43269.66,10710.1,Store F
TTD67,20026,Grocery,Lhore,11,3633,0.0726782614221927,2024-04-02 18:57:55,37058.56,10799.23,Store B
TTD68,38224,Book,Faisabad,11,1928,0.2068002388638376,2024-09-03 18:23:29,16822.18,2853.02,Store C
TTD69,13833,Electronics,Lhore,8,2369,0.2061327493825865,2025-11-08 15:53:38,15045.37,3873.54,Store B
TTD70,73642,Clothing,Lhore,17,3088,0.2409572257566267,2024-10-21 06:32:05,39846.71,4129.41,Store B
TTD71,26647,Clothing,Islamabad,5,835,0.0220490844528721,2024-05-15 04:05:16,4082.95,417.18,Store A
TTD72,29318,Book,Queeta,5,4444,0.1898506966969572,2024-10-03 14:25:40,18001.52,2463.29,Store F
TTD73,45856,Clothing,Peshawar,12,4573,0.0022150075591961,2025-06-02 08:22:48,54754.45,9012.43,Store E
TTD74,24544,Book,Faisabad,5,3438,0.2747867355977276,2024-07-16 00:33:22,12466.42,1298.13,Store C
TTD75,84823,Clothing,Karachi,10,1432,0.0408264672496274,2025-03-02 18:23:20,13735.36,1883.33,Store D
TTD76,84692,Clothing,Faisabad,10,3525,0.070167849348045,2025-04-25 09:20:29,32776.58,6370.16,Store C
TTD77,30299,Clothing,Queeta,4,2780,0.024143137334187,2025-06-01 14:39:15,10851.53,3042.65,Store F
TTD78,34259,Book,Islamabad,9,834,0.0668217782074135,2024-09-09 08:39:15,7004.44,1192.05,Store A
TTD79,67735,Electronics,Lhore,11,1330,0.05005823412112,2024-02-05 21:46:19,13897.65,1482.75,Store B
TTD80,70355,Book,Karachi,18,4783,0.0300528391076969,2025-01-25 17:37:35,83506.63,12893.27,Store D
TTD81,88240,Clothing,Peshawar,8,4999,0.084729329564022,2025-02-06 11:14:22,36603.5,7879.91,Store E
TTD82,94964,Clothing,Peshawar,18,4317,0.1916358905049187,2025-10-16 10:28:40,62814.74,11117.55,Store E
TTD83,44797,Grocery,Faisabad,9,3653,0.0034403348427176,2025-02-16 04:28:03,32763.89,5899.88,Store C
TTD84,51219,Grocery,Queeta,2,4104,0.0765969800362104,2024-08-29 15:05:51,7579.29,896.74,Store F
TTD85,42735,Book,Karachi,5,2345,0.2364473182474502,2025-04-09 08:35:46,8952.66,1470.8,Store D
TTD86,79957,Grocery,Islamabad,10,4536,0.2171367707053666,2024-01-04 01:53:43,35510.68,5193.29,Store A
TTD87,19187,Grocery,Karachi,17,3630,0.116696989903145,2025-09-27 20:06:09,54508.63,12572.19,Store D
TTD88,58237,Grocery,Karachi,15,4560,0.1055162324980237,2025-02-11 00:21:27,61182.69,12006.29,Store D
TTD89,91363,Book,Karachi,18,3912,0.0261372174220319,2025-07-25 08:29:04,68575.52,18819.07,Store D
TTD90,94382,Clothing,Karachi,15,4504,0.2442313925117166,2025-08-20 18:49:19,51059.73,6536.35,Store D
TTD91,57604,Book,Peshawar,14,832,0.2824417326682444,2024-12-05 21:48:51,8358.12,2061.15,Store E
TTD92,94850,Book,Karachi,4,2188,0.0128912985592755,2025-12-06 09:48:39,8639.18,2159.13,Store D
TTD93,76559,Grocery,Queeta,5,4208,0.280062916458128,2024-11-05 14:05:52,15147.48,1606.98,Store F
TTD94,66855,Clothing,Karachi,1,1599,0.2670291636308999,2025-02-09 07:57:26,1172.02,144.02,Store D
TTD95,26585,Sports,Queeta,18,3179,0.1828416211533356,2025-02-27 12:38:50,46759.44,8798.03,Store F
TTD96,73425,Electronics,Karachi,15,1709,0.0882676879197999,2024-02-05 16:46:09,23372.26,4977.4,Store D
TTD97,39678,Book,Queeta,2,4746,0.0341184215263705,2025-11-08 20:42:00,9168.15,1486.54,Store F
TTD98,47681,Clothing,Peshawar,15,1199,0.2829498128308869,2024-08-09 14:43:42,12896.15,2588.73,Store E
TTD99,74759,Clothing,Islamabad,19,803,0.2894875823989348,2024-02-16 19:16:49,10840.29,1847.53,Store A
TTD100,95998,Book,Lhore,3,3516,0.2879223238780876,2024-08-17 09:28:31,7511.0,1865.43,Store B
TTD101,49200,Clothing,Peshawar,2,2149,0.2753473102220576,2025-02-14 12:51:35,3114.56,376.86,Store E
TTD102,32821,Sports,Peshawar,4,1627,0.1668565236072983,2024-10-08 17:15:36,5422.1,1497.28,Store E
TTD103,89948,Book,Lhore,6,914,0.1369794550117761,2024-11-10 01:43:56,4732.8,850.69,Store B
TTD104,67064,Book,Peshawar,5,4166,0.2613829403932527,2025-02-25 15:17:11,15385.39,3615.83,Store E
TTD105,78810,Sports,Peshawar,3,4290,0.0452706191757676,2024-07-31 18:25:14,12287.37,1681.72,Store E
TTD106,35095,Book,Lhore,13,1111,0.0730083059622636,2025-03-15 01:11:49,13388.54,2400.18,Store B
TTD107,11863,Grocery,Islamabad,9,3276,0.2772798362453725,2025-03-17 07:43:43,21308.68,5635.24,Store A
TTD108,27596,Clothing,Peshawar,2,2530,0.2434342883634563,2024-06-16 22:27:25,3828.22,791.35,Store E
TTD109,39487,Book,Faisabad,7,3835,0.0492198224644413,2025-04-03 18:53:37,25523.69,2671.44,Store C
TTD110,33614,Clothing,Peshawar,5,1034,0.1003700802809863,2025-05-21 10:23:11,4651.09,1291.86,Store E
TTD111,74405,Clothing,Queeta,16,1424,0.0871877541793689,2025-07-04 01:09:55,20797.51,6046.11,Store F
TTD112,13420,Grocery,Karachi,17,4136,0.052024023730668,2024-03-02 18:25:21,66654.09,11754.6,Store D
TTD113,37431,Electronics,Queeta,2,1180,0.2569524244999,2025-08-16 20:47:04,1753.59,328.39,Store F
TTD114,85328,Book,Lhore,6,1753,0.1133606477098844,2025-01-22 12:29:00,9325.67,2661.68,Store B
TTD115,74849,Grocery,Karachi,1,613,0.1077095263980727,2024-03-01 15:11:35,546.97,125.04,Store D
TTD116,73575,Clothing,Queeta,14,1117,0.0158271047200807,2024-05-12 15:47:04,15390.5,3423.07,Store F
TTD117,54204,Grocery,Peshawar,14,2808,0.0050628601909714,2024-09-30 01:29:59,39112.97,11538.55,Store E
TTD118,14427,Grocery,Faisabad,9,1974,0.0063043780037659,2025-09-06 11:51:22,17654.0,5211.42,Store C
TTD119,99857,Electronics,Islamabad,19,2321,0.0465687933548492,2024-05-21 03:52:02,42045.36,7357.28,Store A
TTD120,85435,Electronics,Lhore,10,1622,0.1185629129268925,2025-05-27 19:13:14,14296.91,2736.7,Store B
TTD121,47193,Book,Lhore,11,1011,0.1909457342932322,2025-03-04 16:05:01,8997.49,2312.43,Store B
TTD122,98908,Electronics,Karachi,1,1760,0.1462242374319504,2025-01-03 20:44:25,1502.65,369.0,Store D
TTD123,14786,Grocery,Lhore,7,1589,0.2491119003529414,2025-03-22 13:33:49,8352.13,1843.5,Store B
TTD124,99279,Electronics,Peshawar,3,302,0.2299792930278494,2024-09-10 05:53:18,697.64,166.3,Store E
TTD125,31534,Grocery,Lhore,11,4014,0.1912555458344553,2024-10-09 21:22:17,35709.3,8208.69,Store B
TTD126,47589,Book,Peshawar,18,2224,0.102200027275267,2025-12-14 10:55:55,35940.73,4367.67,Store E
TTD127,82691,Electronics,Queeta,1,2731,0.0261728894569622,2024-03-05 06:31:59,2659.52,588.34,Store F
TTD128,92912,Grocery,Peshawar,1,599,0.0363422998958756,2024-12-17 18:01:28,577.23,144.06,Store E
TTD129,96567,Sports,Lhore,4,1124,0.0256993856641719,2024-07-05 07:39:48,4380.46,717.2,Store B
TTD130,47660,Grocery,Peshawar,18,1738,0.2104282485730216,2024-03-22 11:52:00,24700.96,4103.32,Store E
TTD131,89702,Clothing,Peshawar,8,4695,0.0424218898729745,2024-10-07 08:29:24,35966.63,7645.68,Store E
TTD132,15876,Clothing,Karachi,2,1637,0.1376819032177432,2025-05-19 02:54:39,2823.23,359.61,Store D
TTD133,16723,Grocery,Islamabad,5,3891,0.0968235904428632,2024-08-27 17:58:32,17571.3,5030.85,Store A
TTD134,35185,Book,Peshawar,12,3615,0.1550437790311335,2024-11-27 00:23:58,36654.2,8256.35,Store E
TTD135,12915,Grocery,Queeta,11,148,0.0640370882619568,2025-05-31 00:48:34,1523.75,344.67,Store F
TTD136,23308,Grocery,Queeta,14,4335,0.1734669780022037,2025-09-10 17:41:43,50162.29,5164.42,Store F
TTD137,69803,Electronics,Islamabad,5,4081,0.1558028209659872,2025-11-20 03:24:54,17225.84,3197.08,Store A
TTD138,92183,Sports,Queeta,9,3490,0.2749531072956876,2025-03-27 11:32:57,22773.72,5670.06,Store F
TTD139,21397,Book,Islamabad,3,4840,0.0510495009185135,2024-06-23 00:22:28,13778.76,1497.39,Store A
TTD140,45444,Clothing,Lhore,17,192,0.0037329640781876,2025-02-26 23:27:06,3251.82,733.12,Store B
TTD141,78303,Sports,Karachi,13,4706,0.1767397587743434,2024-02-28 09:10:13,50365.42,12001.33,Store D
TTD142,62268,Electronics,Queeta,17,3144,0.2381670952122691,2025-09-20 15:37:57,40718.45,7468.36,Store F
TTD143,62110,Sports,Islamabad,2,709,0.0924568300733239,2024-08-05 15:00:16,1286.9,281.99,Store A
TTD144,80913,Electronics,Lhore,8,1649,0.1972424527101242,2025-02-17 19:57:44,10589.98,2505.91,Store B
TTD145,98298,Clothing,Peshawar,1,175,0.2676782115224784,2025-08-28 11:17:04,128.16,28.64,Store E
TTD146,78743,Book,Peshawar,12,3263,0.2092249045370381,2025-03-12 10:53:33,30963.59,5951.13,Store E
TTD147,65834,Electronics,Lhore,8,3111,0.247753495616834,2025-08-22 14:07:49,18721.91,3514.39,Store B
TTD148,98552,Electronics,Lhore,12,4164,0.1936045117683447,2025-04-22 20:39:20,40293.97,11170.83,Store B
TTD149,99328,Electronics,Peshawar,16,111,0.212734685861648,2025-11-27 13:42:44,1398.18,155.89,Store E
TTD150,95984,Grocery,Islamabad,6,892,0.0542887355630891,2024-12-02 06:11:25,5061.45,1406.86,Store A
TTD151,45744,Electronics,Karachi,17,3927,0.2076798016714869,2024-08-05 17:05:48,52894.5,6437.11,Store D
TTD152,11943,Clothing,Faisabad,17,4940,0.2487172365725777,2025-05-19 16:18:07,63092.73,10206.27,Store C
TTD153,35861,Sports,Queeta,4,4350,0.0877036071330263,2024-08-01 03:46:36,15873.96,2970.95,Store F
TTD154,85627,Grocery,Islamabad,6,2380,0.073776021704742,2025-12-09 15:11:30,13226.48,2961.52,Store A
TTD155,31049,Electronics,Karachi,14,2498,0.2208080863686741,2025-06-22 10:45:23,27249.9,5809.88,Store D
TTD156,74288,Clothing,Islamabad,18,3527,0.2095355585874642,2024-07-04 01:11:04,50183.43,9388.5,Store A
TTD157,83919,Electronics,Peshawar,16,3229,0.0637214995773476,2024-11-18 14:48:55,48371.89,10090.28,Store E
TTD158,28013,Clothing,Lhore,12,3718,0.1139409789389464,2025-10-13 17:31:39,39532.41,11571.04,Store B
TTD159,54007,Electronics,Karachi,17,137,0.1334312349216564,2025-12-27 00:40:02,2018.24,331.57,Store D
TTD160,78082,Grocery,Karachi,8,2259,0.1034058223609595,2024-03-23 23:36:54,16203.25,2944.02,Store D
TTD161,17083,Book,Lhore,12,1578,0.024635493308221,2024-09-23 03:11:59,18469.5,2084.29,Store B
TTD162,15133,Electronics,Karachi,12,2185,0.1934302576568539,2024-09-23 11:44:32,21148.26,3731.91,Store D
TTD163,56295,Book,Islamabad,18,2670,0.1700959323142685,2024-04-20 21:25:26,39885.19,4258.33,Store A
TTD164,17286,Clothing,Karachi,14,4471,0.1052593218868594,2024-02-03 00:14:45,56005.4,7386.26,Store D
TTD165,13266,Electronics,Faisabad,10,2311,0.1009547736539557,2025-06-12 03:14:00,20776.94,5801.62,Store C
TTD166,42031,Electronics,Queeta,11,1075,0.0714444988366783,2024-08-17 06:07:43,10980.17,2582.76,Store F
TTD167,60521,Grocery,Queeta,8,3245,0.2035989705272771,2025-12-15 03:36:14,20674.57,3553.31,Store F
TTD168,60986,Book,Lhore,11,4572,0.1884869958999028,2024-07-02 19:41:07,40812.61,10948.02,Store B
TTD169,77608,Sports,Lhore,2,3678,0.0453476845814877,2025-01-09 16:54:44,7022.42,1287.69,Store B
TTD170,96339,Sports,Islamabad,5,4784,0.2236843506079231,2024-07-19 18:13:22,18569.47,3998.19,Store A
TTD171,75835,Electronics,Lhore,4,4128,0.0870760698669527,2024-11-13 01:16:13,15074.2,2896.56,Store B
TTD172,94682,Clothing,Islamabad,14,1298,0.2571208048770227,2025-11-07 18:43:55,13499.6,3768.88,Store A
TTD173,84048,Grocery,Islamabad,11,4774,0.112141967866887,2025-11-28 18:00:22,46624.98,10991.62,Store A
TTD174,24034,Clothing,Karachi,2,735,0.0749708235245418,2025-05-14 07:39:10,1359.79,293.83,Store D
TTD175,20634,Grocery,Islamabad,19,4613,0.1710060948133245,2024-12-24 06:31:00,72658.83,15709.17,Store A
TTD176,21353,Book,Faisabad,3,4710,0.0704987760217046,2024-09-08 20:06:23,13133.85,3104.82,Store C
TTD177,86243,Electronics,Lhore,1,4943,0.0491724278388719,2025-10-19 11:15:05,4699.94,606.65,Store B
TTD178,38567,Grocery,Peshawar,5,3108,0.2952220561676834,2025-07-16 10:58:35,10952.25,2267.13,Store E
TTD179,52637,Electronics,Peshawar,9,577,0.0183289441147934,2024-09-22 08:03:12,5097.82,865.35,Store E
TTD180,58970,Book,Lhore,1,1444,0.2318926280878695,2025-11-12 11:05:18,1109.15,242.64,Store B
TTD181,47709,Grocery,Lhore,5,2077,0.2724720789492677,2025-09-10 08:46:19,7555.38,2104.1,Store B
TTD182,86372,Sports,Faisabad,11,3441,0.1975326221963826,2025-12-12 04:15:56,30374.19,6516.61,Store C
TTD183,87364,Book,Faisabad,10,1775,0.0767734784517549,2025-10-17 02:31:18,16387.27,2612.99,Store C
TTD184,60541,Book,Karachi,1,1335,0.1903318309289096,2025-11-07 04:48:08,1080.91,255.11,Store D
TTD185,38388,Book,Faisabad,14,1479,0.0580183172482408,2025-04-29 09:15:32,19504.67,4922.33,Store C
TTD186,50545,Clothing,Queeta,8,4626,0.1288459158013015,2024-08-21 13:01:46,32239.67,5704.15,Store F
TTD187,29074,Book,Peshawar,9,3203,0.0296506501343458,2025-04-29 14:42:09,27972.26,6188.73,Store E
TTD188,59765,Clothing,Lhore,2,4498,0.1239535320477292,2024-11-15 09:50:08,7880.91,1480.96,Store B
TTD189,89996,Grocery,Faisabad,10,1486,0.2991465090101184,2025-04-29 03:34:26,10414.68,2930.75,Store C
TTD190,48199,Book,Islamabad,9,1251,0.1289019516408702,2024-09-25 08:19:32,9807.69,2463.47,Store A
TTD191,14122,Grocery,Queeta,11,2134,0.1796061248489518,2025-04-06 15:45:54,19257.93,3052.12,Store F
TTD192,14407,Clothing,Islamabad,10,4362,0.1751047695517501,2024-08-04 17:27:23,35981.93,4037.82,Store A
TTD193,51087,Sports,Peshawar,16,2453,0.014264843468277,2024-09-28 02:51:13,38688.13,7116.29,Store E
TTD194,17438,Sports,Queeta,12,4817,0.0736079323986558,2025-03-09 15:35:42,53549.17,6841.75,Store F
TTD195,35517,Book,Karachi,6,1253,0.2204676761161877,2024-09-19 12:57:48,5860.52,1501.93,Store D
TTD196,18911,Grocery,Faisabad,5,1745,0.1198024306725339,2024-01-28 00:20:55,7679.72,1039.98,Store C
TTD197,16962,Electronics,Lhore,13,2620,0.2894969996296601,2024-03-25 08:13:41,24199.73,5727.79,Store B
TTD198,41801,Book,Queeta,9,2179,0.1498744761241721,2024-02-05 12:30:18,16671.81,4455.51,Store F
TTD199,65530,Sports,Faisabad,3,1545,0.195997785719567,2025-08-31 05:39:19,3726.55,826.79,Store C
TTD200,38340,Book,Peshawar,13,1494,0.2154317383584312,2024-06-25 14:24:46,15237.88,1697.99,Store E
TTD201,31380,Clothing,Faisabad,17,3362,0.1291090806512907,2025-07-19 17:13:35,49774.9,5662.85,Store C
TTD202,58039,Clothing,Islamabad,5,3095,0.2496714591727772,2024-04-04 00:01:50,11611.33,1410.77,Store A
TTD203,44082,Sports,Lhore,7,772,0.2608065723266078,2025-08-03 12:47:00,3994.6,497.7,Store B
TTD204,71172,Grocery,Lhore,10,1658,0.1909301289283521,2025-12-07 17:14:51,13414.38,3853.44,Store B
TTD205,96671,Grocery,Lhore,9,2892,0.2058315955195603,2025-08-31 02:56:49,20670.62,2543.12,Store B
TTD206,60785,Sports,Peshawar,8,55,0.0172078901510384,2024-12-29 11:35:26,432.43,84.88,Store E
TTD207,36193,Clothing,Karachi,11,3543,0.1842931723370736,2024-01-02 23:10:24,31790.54,6909.63,Store D
TTD208,58657,Clothing,Queeta,17,482,0.2024319705948287,2024-01-25 02:00:47,6535.27,1445.92,Store F
TTD209,30883,Electronics,Islamabad,5,4132,0.0108318288547988,2024-09-04 16:39:01,20436.21,6033.2,Store A
TTD210,60323,Clothing,Faisabad,10,1963,0.1692059412223799,2024-05-30 01:19:57,16308.49,3585.45,Store C
TTD211,73292,Sports,Karachi,16,327,0.1011947534923786,2025-10-14 06:12:45,4702.55,1397.03,Store D
TTD212,13466,Sports,Faisabad,4,624,0.1830061320049951,2024-07-29 21:32:22,2039.22,604.42,Store C
TTD213,38762,Book,Queeta,16,2860,0.1374540722892817,2024-02-21 03:39:28,39470.1,9216.68,Store F
TTD214,23894,Electronics,Lhore,13,4444,0.2583917286515926,2024-09-20 08:36:07,42844.19,6072.53,Store B
TTD215,34882,Sports,Queeta,4,2901,0.0434048978978029,2025-05-17 00:50:32,11100.33,2079.72,Store F
TTD216,88877,Sports,Faisabad,10,671,0.138642857904787,2024-01-17 22:02:28,5779.71,1174.16,Store C
TTD217,46839,Sports,Islamabad,14,365,0.1009380033050346,2024-02-21 16:21:20,4594.21,874.65,Store A
TTD218,67900,Electronics,Peshawar,5,3269,0.2299603655310236,2025-04-24 04:52:01,12586.3,2971.69,Store E
TTD219,31703,Sports,Karachi,9,4013,0.0880035330677082,2025-02-26 05:35:05,32938.58,3686.31,Store D
TTD220,65600,Sports,Peshawar,3,150,0.2057557477747628,2024-02-20 00:45:06,357.41,63.76,Store E
TTD221,60352,Grocery,Faisabad,10,4272,0.25491038476398,2024-02-05 17:01:02,31830.23,6441.53,Store C
TTD222,16502,Book,Karachi,17,1730,0.0391902665887521,2024-07-24 13:45:23,28257.41,5256.65,Store D
TTD223,49964,Sports,Karachi,13,2675,0.0370316049870876,2025-12-29 17:16:59,33487.23,5962.28,Store D
TTD224,68757,Clothing,Queeta,1,4956,0.2631810047996419,2024-03-07 17:40:42,3651.67,581.66,Store F
TTD225,51574,Clothing,Faisabad,18,3804,0.1144423193589328,2024-05-08 05:53:25,60635.91,9652.54,Store C
TTD226,70279,Grocery,Islamabad,12,1019,0.2400032300646724,2025-10-22 21:49:18,9293.24,2204.21,Store A
TTD227,36769,Sports,Islamabad,8,948,0.0693456895996216,2024-10-21 08:58:55,7058.08,1315.58,Store A
TTD228,52618,Sports,Karachi,4,3561,0.2411465160937296,2024-11-09 11:28:48,10809.11,1616.12,Store D
TTD229,93828,Book,Peshawar,9,2912,0.0658297068501677,2025-09-28 19:23:04,24482.74,2525.23,Store E
TTD230,15590,Sports,Peshawar,17,2356,0.218807522590577,2024-06-03 07:40:42,31288.32,5801.28,Store E
TTD231,75731,Grocery,Queeta,3,4527,0.1331222125860079,2025-09-22 19:40:23,11773.07,3064.56,Store F
TTD232,12141,Book,Islamabad,4,231,0.2636425126884426,2025-04-04 05:27:31,680.39,176.76,Store A
TTD233,53046,Book,Lhore,7,1515,0.2382305969010833,2024-11-17 21:44:28,8078.56,2061.56,Store B
TTD234,87092,Grocery,Queeta,9,4111,0.0546080435710676,2025-04-30 02:49:27,34978.56,5554.67,Store F
TTD235,51586,Electronics,Karachi,3,4737,0.0030075174143486,2024-07-08 04:00:06,14168.26,1529.32,Store D
TTD236,33143,Electronics,Karachi,11,2652,0.2869902558106519,2024-08-22 23:30:46,20799.92,2261.95,Store D
TTD237,84075,Sports,Peshawar,9,3374,0.093330116951875,2024-09-12 12:40:12,27531.94,8119.45,Store E
TTD238,46020,Electronics,Islamabad,10,3932,0.0719085192198595,2024-05-22 01:03:26,36492.56,5059.07,Store A
TTD239,96981,Clothing,Peshawar,1,3675,0.0840036526004242,2025-07-06 05:49:50,3366.29,863.3,Store E
TTD240,79984,Electronics,Islamabad,4,1197,0.0730797954051249,2024-02-25 14:39:03,4438.09,928.89,Store A
TTD241,45944,Electronics,Faisabad,3,838,0.0529411516599769,2024-10-20 06:04:12,2380.91,465.56,Store C
TTD242,72434,Book,Lhore,14,4616,0.0890243578230421,2024-06-16 07:22:20,58870.89,7510.55,Store B
TTD243,11003,Clothing,Peshawar,3,1669,0.0053839097466731,2024-05-26 12:34:55,4980.04,1019.49,Store E
TTD244,79082,Book,Karachi,14,3027,0.121881700207703,2024-07-23 20:33:54,37212.9,8320.97,Store D
TTD245,84418,Electronics,Peshawar,18,2040,0.2306974379721496,2024-01-08 17:57:48,28248.79,8009.38,Store E
TTD246,30054,Grocery,Islamabad,7,4580,0.1025225092619108,2025-03-29 02:21:22,28773.13,5810.24,Store A
TTD247,46091,Book,Peshawar,15,4757,0.2060111894212137,2024-08-15 16:08:37,56655.07,11600.64,Store E
TTD248,54461,Grocery,Peshawar,7,2863,0.0164071989470564,2025-08-21 02:20:38,19712.18,2330.47,Store E
TTD249,18887,Grocery,Queeta,2,548,0.2894205369802022,2025-07-22 15:35:12,778.8,169.24,Store F
TTD250,11805,Clothing,Queeta,10,3855,0.0682405785697736,2025-11-17 15:05:01,35919.33,7235.45,Store F
TTD251,67337,Electronics,Islamabad,6,3874,0.2869211150843828,2025-04-29 05:32:34,16574.81,4883.93,Store A
TTD252,21154,Electronics,Lhore,11,1530,0.1819715387213562,2024-09-03 09:12:17,13767.42,2192.63,Store B
TTD253,61318,Clothing,Peshawar,15,3580,0.1744743888369228,2024-02-08 01:04:07,44330.73,12167.19,Store E
TTD254,49664,Book,Karachi,13,4043,0.2246220987406758,2025-11-16 12:44:56,40753.09,8349.39,Store D
TTD255,17665,Grocery,Queeta,1,775,0.0879288701173338,2025-10-01 12:23:09,706.86,182.5,Store F
TTD256,79615,Electronics,Peshawar,11,3389,0.0182650586997952,2024-03-21 10:25:45,36598.1,10283.6,Store E
TTD257,11224,Grocery,Queeta,16,703,0.0112349195818102,2025-06-01 13:27:22,11121.63,2781.11,Store F
TTD258,48006,Clothing,Islamabad,8,547,0.1656156066333073,2025-05-26 13:02:02,3651.27,1082.33,Store A
TTD259,12178,Electronics,Peshawar,1,580,0.2212187824124658,2024-10-15 15:44:00,451.69,106.0,Store E
TTD260,28874,Sports,Queeta,17,1846,0.2581373006638064,2024-03-25 18:33:23,23281.14,5399.47,Store F
TTD261,11667,Book,Islamabad,16,3187,0.0246397426139826,2024-07-10 08:18:43,49735.57,13791.99,Store A
TTD262,81422,Sports,Islamabad,7,1944,0.1134121797281344,2024-07-18 03:59:45,12064.69,2602.11,Store A
TTD263,70849,Sports,Lhore,13,3150,0.1316945017117761,2025-08-31 09:38:45,35557.11,6007.88,Store B
TTD264,34936,Clothing,Faisabad,9,2570,0.0550378001572141,2024-05-25 12:18:04,21856.98,4428.61,Store C
TTD265,52000,Book,Peshawar,4,311,0.0224072411790115,2025-03-24 12:02:15,1216.13,198.72,Store E
TTD266,98295,Sports,Faisabad,14,1832,0.0786964527744882,2025-08-14 03:55:12,23629.59,5103.89,Store C
TTD267,56367,Sports,Peshawar,18,3415,0.0963281768222513,2025-02-06 11:35:20,55548.71,13436.03,Store E
TTD268,37531,Electronics,Karachi,18,3903,0.2240633631820238,2024-12-26 14:13:13,54512.65,12335.67,Store D
TTD269,27702,Sports,Queeta,3,4736,0.1330949516607292,2025-02-16 22:34:01,12316.99,2940.77,Store F
TTD270,27538,Clothing,Lhore,19,3922,0.0032067836136714,2024-12-28 16:18:56,74279.04,20728.45,Store B
TTD271,70477,Grocery,Islamabad,15,4093,0.2514386237465583,2024-02-12 00:52:26,45957.93,6733.57,Store A
TTD272,44773,Electronics,Faisabad,10,3220,0.142863269878097,2025-02-20 00:25:40,27599.8,3931.96,Store C
TTD273,84166,Sports,Islamabad,13,2990,0.0474210838302222,2025-11-09 21:10:38,37026.74,9053.7,Store A
TTD274,67971,Grocery,Faisabad,7,2530,0.0839657217609335,2024-05-01 17:45:06,16222.97,2442.63,Store C
TTD275,58655,Book,Lhore,4,1083,0.2780645876863334,2024-01-21 06:04:40,3127.42,404.28,Store B
TTD276,50722,Book,Peshawar,19,3806,0.2195039316786692,2024-08-04 10:32:35,56440.79,16282.2,Store E
TTD277,62795,Clothing,Queeta,6,4808,0.1727136296970666,2024-02-09 01:24:08,23865.56,4869.88,Store F
TTD278,64666,Electronics,Karachi,11,4495,0.209893139869276,2024-05-21 23:25:51,39066.83,11066.72,Store D
TTD279,99826,Book,Karachi,9,1021,0.2460833452650008,2025-06-18 01:27:05,6927.74,1182.81,Store D
TTD280,86693,Sports,Karachi,7,4961,0.1598724821644991,2024-07-12 02:58:55,29175.11,2979.66,Store D
TTD281,73763,Sports,Peshawar,3,3069,0.1554261583031497,2025-03-24 10:17:27,7775.99,1523.31,Store E
TTD282,82533,Sports,Karachi,8,575,0.2033151515027567,2025-05-14 01:22:19,3664.75,734.88,Store D
TTD283,89517,Grocery,Peshawar,1,3917,0.0540331112883277,2024-01-04 08:19:35,3705.35,903.16,Store E
TTD284,59845,Grocery,Faisabad,9,691,0.1390776612519834,2025-07-12 14:12:39,5354.08,857.4,Store C
TTD285,68559,Clothing,Queeta,3,4298,0.2148709296302756,2025-08-29 17:23:40,10123.45,2183.22,Store F
TTD286,13463,Book,Queeta,10,2376,0.2868370819847856,2024-01-13 12:11:49,16944.75,2059.09,Store F
TTD287,89642,Book,Faisabad,18,3300,0.2850375356055336,2024-09-05 20:34:03,42468.77,12590.85,Store C
TTD288,77935,Clothing,Faisabad,4,2950,0.0523771303754455,2025-08-05 08:03:13,11181.95,1855.05,Store C
TTD289,59045,Sports,Lhore,1,1504,0.1045841965264836,2025-12-06 07:13:27,1346.71,403.69,Store B
TTD290,21722,Grocery,Karachi,2,4780,0.0413129836074649,2025-06-11 04:08:46,9165.05,1683.41,Store D
TTD291,22327,Clothing,Peshawar,16,2705,0.0187903301520005,2024-02-04 03:11:08,42466.75,11348.85,Store E
TTD292,43458,Grocery,Lhore,11,1115,0.2814730409374303,2024-06-02 12:48:49,8812.73,892.86,Store B
TTD293,36843,Grocery,Peshawar,7,2352,0.0216340452566092,2024-09-26 02:44:04,16107.82,2675.66,Store E
TTD294,55159,Grocery,Peshawar,9,1840,0.2815599552755879,2024-02-19 20:21:30,11897.37,1498.93,Store E
TTD295,62503,Book,Lhore,18,150,0.1261080667799401,2025-03-24 08:24:21,2359.51,448.63,Store B
TTD296,53982,Sports,Peshawar,8,2399,0.2984443977347429,2025-05-03 16:01:43,13464.26,2412.05,Store E
TTD297,10345,Electronics,Karachi,17,1128,0.0607157795386627,2024-11-25 17:33:11,18011.71,5229.65,Store D
TTD298,41959,Grocery,Faisabad,19,4638,0.0097335410453023,2024-10-26 06:01:10,87264.26,16598.49,Store C
TTD299,49632,Clothing,Karachi,18,1263,0.0659383317882132,2025-01-17 01:08:16,21234.96,2580.2,Store D
TTD300,26330,Grocery,Karachi,14,528,0.1730620088672889,2025-08-28 18:19:08,6112.73,1639.1,Store D
TTD301,77630,Clothing,Faisabad,7,4703,0.2654506156161675,2024-03-16 20:19:33,24182.1,6898.02,Store C
TTD302,89718,Grocery,Peshawar,7,2276,0.003294941003879,2024-06-03 04:26:55,15879.5,2344.31,Store E
TTD303,99409,Sports,Queeta,18,2926,0.0516996823097238,2024-04-24 17:29:03,49945.08,6940.17,Store F
TTD304,43626,Electronics,Lhore,15,3760,0.0764332844424979,2025-02-26 02:33:34,52089.16,14222.26,Store B
TTD305,42381,Clothing,Karachi,11,1018,0.2559097356165452,2025-05-31 17:59:57,8332.32,1173.57,Store D
TTD306,34607,Book,Peshawar,5,4022,0.12019590020319,2025-05-26 06:31:33,17692.86,1814.08,Store E
TTD307,43982,Book,Lhore,18,1216,0.1803236073245106,2025-05-20 00:58:51,17941.08,4844.66,Store B
TTD308,29427,Grocery,Karachi,12,2713,0.121367093022993,2025-04-05 07:41:35,28604.77,6535.55,Store D
TTD309,77188,Book,Peshawar,3,3984,0.1987006918217089,2024-12-15 06:06:58,9577.13,1898.64,Store E
TTD310,80152,Sports,Peshawar,13,4283,0.0960692537192,2024-08-28 20:48:14,50329.96,12141.67,Store E
TTD311,20479,Grocery,Queeta,19,2973,0.2736209848792627,2025-08-18 15:50:00,41030.97,9701.07,Store F
TTD312,52572,Sports,Karachi,2,4047,0.2916827413124815,2025-07-31 21:20:17,5733.12,1408.44,Store D
TTD313,41265,Electronics,Faisabad,3,4211,0.115141931852321,2025-02-05 20:33:43,11178.41,1192.6,Store C
TTD314,90081,Sports,Karachi,7,1070,0.1145601833744695,2024-11-17 13:37:06,6631.94,1257.77,Store D
TTD315,37764,Book,Peshawar,3,3623,0.2810741345395919,2024-05-15 08:09:41,7814.01,1765.7,Store E
TTD316,51249,Grocery,Queeta,13,764,0.0555423374078888,2025-06-24 08:39:53,9380.35,1304.6,Store F
TTD317,65154,Book,Queeta,18,4749,0.1938010353633164,2024-03-22 12:18:31,68915.5,10092.76,Store F
TTD318,62274,Grocery,Karachi,14,3931,0.1180375787418612,2025-05-14 11:24:58,48537.92,8046.89,Store D
TTD319,98510,Sports,Peshawar,14,2825,0.2711900645494677,2025-08-24 15:07:45,28824.43,4570.43,Store E
TTD320,76710,Clothing,Queeta,19,527,0.0517381067725944,2025-04-22 10:04:15,9494.95,2652.8,Store F
TTD321,17990,Electronics,Islamabad,16,4260,0.1269220649116716,2024-09-07 02:07:32,59508.99,7673.81,Store A
TTD322,34932,Clothing,Queeta,8,160,0.2720982692994998,2025-07-08 12:30:44,931.71,115.23,Store F
TTD323,34191,Sports,Islamabad,6,1937,0.0820633588828922,2025-12-09 01:55:10,10668.26,2646.2,Store A
TTD324,31162,Grocery,Karachi,5,4032,0.1643367062375104,2025-02-06 13:26:17,16846.97,4098.24,Store D
TTD325,70764,Clothing,Queeta,6,954,0.2176760062816782,2025-07-23 19:18:25,4478.02,1107.12,Store F
TTD326,64540,Grocery,Queeta,12,2111,0.2480866449599937,2025-07-23 14:57:52,19047.47,3399.89,Store F
TTD327,26198,Book,Lhore,14,1761,0.2197548054482586,2024-07-07 12:29:33,19236.17,4090.65,Store B
TTD328,75204,Electronics,Faisabad,7,1083,0.2100808009964276,2025-08-13 10:59:27,5988.38,1091.36,Store C
TTD329,66819,Electronics,Queeta,13,2802,0.1786009476467317,2025-07-09 23:52:45,29920.28,5277.58,Store F
TTD330,68640,Clothing,Islamabad,12,3410,0.0150725158016788,2025-07-29 05:47:10,40303.23,8487.05,Store A
TTD331,54114,Clothing,Islamabad,7,610,0.1669901040398418,2024-02-02 16:02:50,3556.95,606.72,Store A
TTD332,49400,Clothing,Islamabad,12,2698,0.1651361454840404,2024-11-20 01:24:55,27029.55,6741.64,Store A
TTD333,37426,Electronics,Faisabad,13,2332,0.2842525847293172,2025-02-19 11:09:28,21698.6,4665.51,Store C
TTD334,43811,Clothing,Peshawar,14,938,0.0755652281717497,2025-02-15 22:28:05,12139.68,2802.57,Store E
TTD335,53571,Clothing,Peshawar,15,1961,0.268650169727133,2025-04-24 00:10:32,21512.66,2957.47,Store E
TTD336,34002,Electronics,Lhore,8,3190,0.1781997009038324,2025-09-21 23:36:28,20972.34,3719.88,Store B
TTD337,10449,Grocery,Peshawar,8,3129,0.2032918363658499,2024-02-14 05:53:08,19943.2,4626.06,Store E
TTD338,20465,Electronics,Karachi,2,3082,0.1364415845822207,2025-10-24 12:02:13,5322.97,1386.11,Store D
TTD339,35700,Electronics,Faisabad,15,3103,0.0336497563859182,2024-07-14 21:13:43,44978.77,4966.27,Store C
TTD340,42727,Clothing,Faisabad,9,1729,0.1038318651766618,2025-08-17 09:25:42,13945.27,2458.11,Store C
TTD341,21736,Clothing,Karachi,19,2102,0.0460737671023199,2024-01-15 02:33:20,38097.91,8511.91,Store D
TTD342,35442,Grocery,Lhore,9,1531,0.169549655004828,2024-03-23 13:46:48,11442.78,1876.86,Store B
TTD343,78625,Clothing,Karachi,14,3740,0.258558821491427,2024-08-30 09:25:20,38821.86,4658.71,Store D
TTD344,42760,Sports,Lhore,11,1218,0.1059677639457288,2025-02-06 12:24:29,11978.24,2168.23,Store B
TTD345,12640,Clothing,Peshawar,11,4724,0.0273173135280031,2025-07-22 20:26:41,50544.48,7286.17,Store E
TTD346,31345,Grocery,Islamabad,4,2096,0.1605331866122131,2024-10-25 13:08:57,7038.09,2030.43,Store A
TTD347,10652,Grocery,Faisabad,8,4628,0.263790038411246,2025-12-25 07:02:39,27257.44,4673.23,Store C
TTD348,42177,Sports,Karachi,16,2018,0.0869551011419026,2024-07-02 06:11:53,29480.39,4175.01,Store D
TTD349,61409,Book,Islamabad,6,4210,0.2314160927684361,2025-06-11 06:52:38,19414.43,2429.55,Store A
TTD350,93026,Book,Peshawar,7,3270,0.0068732510508761,2025-06-25 03:02:34,22732.67,5878.11,Store E
TTD351,43301,Electronics,Peshawar,9,4875,0.2309861527023763,2024-02-04 02:15:44,33740.48,6961.11,Store E
TTD352,52524,Sports,Islamabad,19,1741,0.1114317079262099,2024-05-11 22:00:41,29392.95,3867.84,Store A
TTD353,29887,Electronics,Faisabad,12,2681,0.2017120091351056,2024-04-18 10:05:14,25682.52,3653.86,Store C
TTD354,36112,Sports,Peshawar,7,3545,0.2544215060030881,2024-12-25 00:26:14,18501.53,2884.62,Store E
TTD355,44882,Grocery,Queeta,3,3874,0.1753785101541627,2024-12-14 11:11:25,9583.75,1586.12,Store F
TTD356,86862,Electronics,Lhore,8,985,0.1518687216545234,2024-01-03 19:07:50,6683.27,1073.71,Store B
TTD357,49043,Grocery,Lhore,6,4771,0.0267251257677338,2025-01-12 16:02:30,27860.97,3443.9,Store B
TTD358,26393,Book,Islamabad,16,3392,0.1252448387113684,2025-03-08 15:31:08,47474.71,13790.66,Store A
TTD359,23525,Grocery,Peshawar,13,664,0.0021853765226729,2024-09-11 01:44:13,8613.14,2565.12,Store E
TTD360,73477,Clothing,Faisabad,10,2807,0.0215435641529377,2024-05-07 07:55:13,27465.27,3927.03,Store C
TTD361,85228,Book,Faisabad,7,4569,0.1392531720719869,2025-11-26 17:57:18,27529.27,7286.98,Store C
TTD362,34739,Clothing,Islamabad,6,1353,0.229754564958175,2025-10-17 06:22:00,6252.85,785.59,Store A
TTD363,98641,Electronics,Lhore,14,1011,0.1891686436193438,2025-11-21 19:54:17,11476.51,2262.64,Store B
TTD364,87254,Book,Karachi,5,3079,0.0558664362183451,2024-10-21 11:49:18,14534.94,1848.42,Store D
TTD365,52365,Electronics,Faisabad,2,174,0.0877806409861202,2025-10-04 00:20:05,317.45,54.81,Store C
TTD366,93687,Sports,Peshawar,5,1901,0.2468717981797552,2025-03-27 16:59:14,7158.48,1798.0,Store E
TTD367,30037,Book,Queeta,11,4806,0.1253640672105911,2024-03-20 15:51:05,46238.5,5851.23,Store F
TTD368,57541,Grocery,Faisabad,15,3767,0.1832544594952069,2025-08-18 16:42:19,46150.21,10223.11,Store C
TTD369,57053,Clothing,Peshawar,12,1848,0.0298151698227961,2024-06-06 10:52:49,21514.82,5054.88,Store E
TTD370,23810,Book,Faisabad,14,3642,0.0498997977252093,2024-04-25 00:09:19,48443.71,11209.09,Store C
TTD371,11777,Sports,Queeta,16,201,0.0702273163744937,2025-07-21 09:26:48,2990.15,633.77,Store F
TTD372,87733,Clothing,Queeta,14,153,0.299226797055126,2024-07-13 17:20:10,1501.06,183.92,Store F
TTD373,14299,Book,Islamabad,7,79,0.2380510005673425,2024-01-26 21:00:31,421.36,92.41,Store A
TTD374,56666,Grocery,Islamabad,4,2754,0.1169652732014481,2025-11-16 08:39:53,9727.51,2530.55,Store A
TTD375,83258,Grocery,Karachi,11,234,0.1910133814667175,2025-09-10 18:56:06,2082.33,222.87,Store D
TTD376,51078,Sports,Islamabad,6,219,0.2194213809511372,2024-04-16 10:48:42,1025.68,266.5,Store A
TTD377,34862,Sports,Lhore,14,3679,0.1953898710515769,2025-10-22 19:41:55,41442.25,10747.57,Store B
TTD378,21710,Clothing,Karachi,12,3116,0.1909634125593362,2025-09-17 00:09:24,30251.5,4560.7,Store D
TTD379,50350,Book,Faisabad,16,4741,0.0876681374076936,2025-05-27 10:23:53,69205.85,16953.08,Store C
TTD380,86724,Electronics,Faisabad,1,2591,0.1224266809395499,2025-12-06 11:06:47,2273.79,653.96,Store C
TTD381,93945,Grocery,Queeta,1,1681,0.0555231224042513,2024-07-02 05:13:35,1587.67,239.37,Store F
TTD382,34038,Sports,Islamabad,5,4437,0.0634476116622746,2025-08-16 22:09:01,20777.41,4424.98,Store A
TTD383,28794,Clothing,Queeta,9,3926,0.2262783686875718,2024-09-14 07:47:25,27338.68,4663.82,Store F
TTD384,63295,Grocery,Peshawar,4,2919,0.0307198004560092,2025-12-14 03:23:20,11317.32,1167.48,Store E
TTD385,94814,Book,Karachi,2,3203,0.1997595302842786,2025-03-12 04:15:04,5126.34,1086.24,Store D
TTD386,54609,Grocery,Lhore,13,2873,0.1855035810121107,2024-01-13 21:50:17,30420.63,3248.49,Store B
TTD387,48922,Sports,Faisabad,7,3017,0.0128371108047987,2025-02-22 12:01:35,20847.89,3869.12,Store C
TTD388,84398,Grocery,Faisabad,9,185,0.1159387125190688,2024-03-21 16:25:21,1471.96,222.44,Store C
TTD389,83525,Electronics,Peshawar,9,2132,0.089662247870144,2024-07-19 16:52:00,17467.56,2249.64,Store E
TTD390,56789,Grocery,Lhore,12,2362,0.019357998403395,2025-07-23 21:16:26,27795.32,6197.17,Store B
TTD391,98171,Electronics,Lhore,12,4885,0.2346932381484731,2024-08-07 15:55:42,44862.28,10663.74,Store B
TTD392,11636,Clothing,Queeta,5,1185,0.0390105652196002,2024-04-25 06:54:31,5693.86,883.18,Store F
TTD393,67660,Grocery,Islamabad,9,3401,0.1471860446016625,2025-12-11 09:39:05,26103.78,5825.46,Store A
TTD394,71479,Grocery,Karachi,7,1444,0.051776392569007,2024-08-13 08:21:30,9584.64,2697.77,Store D
TTD395,20128,Grocery,Karachi,3,851,0.2947780297540768,2024-04-19 23:01:19,1800.43,286.08,Store D
TTD396,15084,Sports,Karachi,15,3171,0.0576681724467785,2025-04-28 15:38:02,44822.01,6842.22,Store D
TTD397,46509,Sports,Faisabad,15,4824,0.0518060303147538,2024-10-19 11:28:58,68611.32,19072.29,Store C
TTD398,29818,Sports,Queeta,9,4320,0.1288545216908424,2025-06-20 21:07:08,33870.14,6717.73,Store F
TTD399,43084,Grocery,Faisabad,2,233,0.265327370800879,2024-10-02 21:36:00,342.36,75.71,Store C
TTD400,14217,Book,Peshawar,19,3136,0.1483278524239033,2025-06-02 00:30:48,50746.03,14951.4,Store E
TTD401,68937,Book,Faisabad,19,1938,0.1742179099190092,2025-04-04 23:31:20,30406.95,7537.13,Store C
TTD402,64402,Electronics,Karachi,3,1061,0.0620487836108083,2024-10-15 08:16:04,2985.5,368.62,Store D
TTD403,18710,Electronics,Peshawar,8,4442,0.2583650803045533,2024-02-19 10:21:26,26354.74,7672.74,Store E
TTD404,19951,Sports,Islamabad,6,520,0.0489761495853604,2024-12-18 20:54:54,2967.19,807.43,Store A
TTD405,51198,Grocery,Queeta,14,4250,0.0201694115818801,2025-10-21 04:57:29,58299.92,8134.17,Store F
TTD406,50824,Book,Peshawar,6,4803,0.2373136359048974,2024-07-24 20:44:30,21979.1,3455.53,Store E
TTD407,92257,Grocery,Peshawar,13,4919,0.062046728264728,2025-07-13 21:30:05,59979.3,13412.89,Store E
TTD408,47149,Clothing,Lhore,1,4403,0.0683405323109232,2025-06-07 14:02:39,4102.1,792.7,Store B
TTD409,71600,Electronics,Lhore,14,597,0.2166972070446168,2024-04-05 22:12:51,6546.84,906.46,Store B
TTD410,66083,Clothing,Islamabad,16,3454,0.1817138730480785,2024-08-28 00:29:34,45221.76,7327.67,Store A
TTD411,65559,Book,Faisabad,1,272,0.0063164669664522,2024-08-27 22:34:49,270.28,28.26,Store C
TTD412,93988,Grocery,Peshawar,5,997,0.2547286781519925,2025-09-17 12:34:13,3715.18,986.61,Store E
TTD413,75511,Grocery,Islamabad,6,3325,0.101431058648814,2024-10-31 13:00:05,17926.45,3411.13,Store A
TTD414,38720,Sports,Queeta,10,570,0.0590819699024506,2025-04-22 23:32:56,5363.23,1558.2,Store F
TTD415,34729,Electronics,Karachi,17,1712,0.0332019093934862,2024-03-12 03:22:39,28137.69,5963.43,Store D
TTD416,59148,Clothing,Faisabad,6,4938,0.1472061476926874,2024-06-15 15:15:30,25266.58,6579.17,Store C
TTD417,80108,Clothing,Faisabad,5,2685,0.1994878960722723,2024-09-26 01:32:41,10746.87,1154.96,Store C
TTD418,32991,Grocery,Faisabad,2,3775,0.2951565093818632,2024-01-09 22:19:40,5321.57,949.57,Store C
TTD419,17203,Sports,Faisabad,8,2895,0.0921685249527467,2024-01-01 22:36:49,21025.38,5776.49,Store C
TTD420,36557,Book,Faisabad,18,3332,0.0854345193155406,2025-10-15 06:58:19,54851.98,11743.0,Store C
TTD421,30001,Sports,Karachi,5,3022,0.080562468750298,2025-04-25 07:30:27,13892.7,2471.64,Store D
TTD422,35966,Grocery,Karachi,8,4923,0.1921454619637005,2024-05-25 10:16:05,31816.54,5096.29,Store D
TTD423,67791,Sports,Faisabad,15,3922,0.036197842453022,2024-12-22 11:32:05,56700.48,11025.28,Store C
TTD424,23888,Electronics,Islamabad,19,4085,0.0117467319354601,2024-05-31 13:42:44,76703.28,18347.22,Store A
TTD425,93851,Clothing,Lhore,19,1824,0.1168523522300677,2025-12-23 01:49:02,30606.36,6297.56,Store B
TTD426,95474,Sports,Queeta,10,4434,0.2113926196130508,2024-04-16 13:03:48,34966.85,4941.41,Store F
TTD427,12055,Clothing,Faisabad,5,1856,0.0751417638850325,2025-01-31 20:14:29,8582.68,2072.33,Store C
TTD428,96331,Electronics,Faisabad,7,2382,0.0634498576851207,2024-05-19 13:50:22,15616.04,3304.98,Store C
TTD429,52558,Book,Karachi,9,1129,0.1314251777099701,2025-05-24 04:47:10,8825.59,2458.93,Store D
TTD430,31258,Grocery,Faisabad,1,3945,0.0133048597261734,2025-08-24 03:25:42,3892.51,413.56,Store C
TTD431,70119,Grocery,Faisabad,2,1607,0.0915099927220285,2024-01-10 20:11:40,2919.89,731.07,Store C
TTD432,13738,Sports,Karachi,16,1310,0.0300902878439589,2025-01-13 21:14:12,20329.31,3473.37,Store D
TTD433,69440,Electronics,Lhore,13,1963,0.0355077737832177,2025-04-29 11:07:56,24612.88,6209.15,Store B
TTD434,33165,Book,Faisabad,6,2571,0.1209297372332695,2025-08-23 04:12:06,13560.54,1897.37,Store C
TTD435,58685,Clothing,Peshawar,9,2852,0.2701521811910911,2025-04-18 21:11:33,18733.73,4963.2,Store E
TTD436,67066,Sports,Queeta,2,1229,0.2092068337617043,2025-01-21 03:49:44,1943.77,389.9,Store F
TTD437,93995,Clothing,Faisabad,7,4682,0.1391671310741574,2025-08-24 04:17:03,28212.94,4497.34,Store C
TTD438,44412,Book,Islamabad,13,3626,0.2210137195478427,2025-11-03 22:21:31,36719.86,4276.9,Store A
TTD439,86257,Electronics,Peshawar,17,1127,0.1584034492130953,2024-04-06 06:17:17,16124.15,4409.96,Store E
TTD440,35625,Sports,Karachi,18,1814,0.0218991608056339,2024-08-09 09:17:35,31936.95,8945.5,Store D
TTD441,52208,Electronics,Queeta,3,3866,0.2904383276969282,2024-03-15 03:54:38,8229.5,2307.83,Store F
TTD442,95429,Book,Islamabad,17,88,0.2370427633473293,2024-04-20 19:57:46,1141.38,330.46,Store A
TTD443,85424,Electronics,Lhore,13,79,0.1489170364232012,2024-01-24 01:42:46,874.06,97.86,Store B
TTD444,53205,Clothing,Islamabad,3,391,0.047347568070754,2025-06-23 21:45:01,1117.46,241.49,Store A
TTD445,58697,Sports,Queeta,14,3097,0.0231687399964338,2025-06-01 13:13:31,42353.45,11934.3,Store F
TTD446,70343,Clothing,Peshawar,8,4605,0.208250514224315,2024-07-02 17:55:03,29168.05,6795.11,Store E
TTD447,46078,Sports,Lhore,9,877,0.0627203434606994,2025-05-31 13:40:44,7397.95,883.79,Store B
TTD448,44038,Sports,Karachi,2,671,0.0253605019495091,2024-07-08 08:25:12,1307.97,173.09,Store D
TTD449,75126,Sports,Faisabad,2,2593,0.2727643804746887,2024-05-17 23:26:13,3771.44,481.77,Store C
TTD450,74663,Clothing,Faisabad,5,4623,0.1037091256614764,2025-02-04 18:14:10,20717.76,3591.71,Store C
TTD451,67762,Clothing,Karachi,2,4288,0.2104001731189801,2025-08-07 03:15:51,6771.61,1599.53,Store D
TTD452,21358,Book,Lhore,19,2694,0.105537930684943,2025-03-03 10:23:36,45783.94,4664.69,Store B
TTD453,96332,Grocery,Lhore,10,4324,0.1742034636691188,2024-04-17 23:20:17,35707.44,4371.96,Store B
TTD454,81408,Grocery,Queeta,8,4520,0.0194911199776683,2025-06-22 16:57:13,35455.2,9329.41,Store F
TTD455,51494,Electronics,Faisabad,10,2599,0.1081396660273367,2025-08-05 17:12:58,23179.45,6016.26,Store C
TTD456,85857,Grocery,Islamabad,16,2314,0.082311982769004,2024-08-11 07:34:07,33976.48,7277.87,Store A
TTD457,45344,Grocery,Karachi,19,1137,0.219674547919379,2024-02-23 06:56:10,16857.37,3988.92,Store D
TTD458,82956,Book,Islamabad,12,1042,0.233402281385894,2025-06-13 13:14:36,9585.54,1572.11,Store A
TTD459,50176,Sports,Faisabad,4,819,0.1959711337720776,2024-07-15 05:57:33,2634.0,785.57,Store C
TTD460,22319,Grocery,Queeta,5,2649,0.0379577114188939,2025-12-30 12:25:14,12742.25,1785.04,Store F
TTD461,59477,Book,Islamabad,5,3507,0.1151609110927555,2024-04-18 23:54:31,15515.65,3368.85,Store A
TTD462,11457,Book,Lhore,7,3477,0.1382113890957261,2025-10-24 03:08:09,20975.07,4185.92,Store B
TTD463,46937,Sports,Peshawar,6,3288,0.2900434652480061,2024-10-22 15:54:02,14006.02,1913.93,Store E
TTD464,17484,Book,Islamabad,6,4999,0.0532126303253318,2024-02-26 06:49:52,28397.94,8082.14,Store A
TTD465,73619,Clothing,Islamabad,13,4515,0.2838287983735322,2025-08-19 20:44:16,42035.67,8549.75,Store A
TTD466,93049,Clothing,Queeta,14,2064,0.0307911118648808,2025-11-27 07:11:52,28006.26,6765.6,Store F
TTD467,71391,Electronics,Faisabad,15,2031,0.2145658398270311,2024-10-19 06:27:26,23928.25,2784.39,Store C
TTD468,13183,Clothing,Queeta,4,4738,0.157122700580432,2024-01-27 04:35:50,15974.21,3518.23,Store F
TTD469,37167,Sports,Karachi,15,4604,0.0170480651276113,2025-11-04 01:45:52,67882.66,7376.85,Store D
TTD470,19774,Grocery,Peshawar,19,1793,0.1793010983649287,2025-11-10 18:43:38,27958.75,3886.52,Store E
TTD471,92421,Book,Lhore,1,487,0.1235500551068004,2024-05-26 19:35:04,426.83,64.02,Store B
TTD472,48813,Book,Queeta,12,1635,0.2048075565988752,2025-04-11 05:16:37,15601.68,2231.25,Store F
TTD473,67187,Sports,Karachi,10,1197,0.1790739560101629,2024-01-31 09:10:30,9826.48,2696.91,Store D
TTD474,58246,Sports,Islamabad,15,3154,0.1403384339124115,2025-10-06 15:40:04,40670.59,11077.29,Store A
TTD475,32841,Clothing,Faisabad,9,3261,0.1899209160317863,2024-08-24 01:13:01,23775.01,4724.69,Store C
TTD476,11939,Electronics,Queeta,2,354,0.2511534581628821,2025-09-09 17:04:41,530.18,144.1,Store F
TTD477,72521,Book,Faisabad,14,2647,0.23494775702901,2025-06-08 04:41:21,28351.31,3666.66,Store C
TTD478,14793,Sports,Lhore,1,2135,0.099962205913219,2025-09-29 18:04:02,1921.58,550.96,Store B
TTD479,99693,Book,Islamabad,2,54,0.1394855501092362,2024-12-05 00:04:40,92.94,10.58,Store A
TTD480,87039,Sports,Karachi,11,2290,0.0330069432027943,2024-03-24 15:06:28,24358.56,3822.39,Store D
TTD481,10498,Clothing,Faisabad,10,4007,0.1138670316743122,2025-12-06 22:18:19,35507.35,6346.96,Store C
TTD482,63345,Grocery,Queeta,11,2792,0.2872234658282115,2024-11-12 03:19:01,21890.79,3059.27,Store F
TTD483,68852,Book,Islamabad,10,2579,0.2137747319017469,2024-08-05 18:13:02,20276.75,5971.31,Store A
TTD484,18142,Electronics,Karachi,1,1463,0.075331579875627,2025-05-19 08:26:42,1352.79,317.66,Store D
TTD485,94948,Electronics,Queeta,11,2232,0.0916502577062024,2024-05-06 13:43:06,22301.8,2706.38,Store F
TTD486,25238,Clothing,Islamabad,3,3347,0.2210780583586014,2024-12-06 13:36:51,7821.16,1426.16,Store A
TTD487,48915,Electronics,Lhore,8,814,0.2346010336555931,2024-09-13 12:30:07,4984.28,891.84,Store B
TTD488,91726,Sports,Peshawar,11,2716,0.2101577513630917,2025-09-01 19:28:14,23597.33,5131.82,Store E
TTD489,93789,Sports,Islamabad,14,2072,0.0840180655197085,2024-03-31 12:49:48,26570.8,4389.51,Store A
TTD490,46349,Clothing,Islamabad,19,4587,0.1724339749285529,2024-11-15 15:01:46,72124.86,11611.6,Store A
TTD491,87650,Electronics,Queeta,15,2999,0.2921214408210403,2024-03-10 21:34:28,31843.92,5310.63,Store F
TTD492,35604,Book,Lhore,15,2515,0.2955316751237897,2025-06-23 19:30:37,26576.07,5228.04,Store B
TTD493,63383,Clothing,Queeta,19,4091,0.1314892230983878,2025-04-10 05:24:59,67508.47,17865.96,Store F
TTD494,91363,Clothing,Faisabad,19,2605,0.0875854932932381,2024-08-20 12:43:47,45159.96,9815.57,Store C
TTD495,97476,Sports,Islamabad,13,3023,0.1170893803570545,2024-01-29 18:31:22,34697.5,9948.99,Store A
TTD496,81083,Electronics,Queeta,17,1212,0.2901588034093642,2024-06-06 18:43:57,14625.57,1781.24,Store F
TTD497,14658,Grocery,Lhore,4,918,0.1695931925767192,2025-05-06 16:16:47,3049.25,360.74,Store B
TTD498,82357,Book,Lhore,15,3206,0.2005598667544738,2024-05-14 05:29:53,38445.08,11233.18,Store B
TTD499,47742,Sports,Karachi,16,1975,0.2051339312232497,2024-12-31 08:48:44,25117.77,4930.64,Store D
TTD500,56940,Book,Islamabad,6,1740,0.1117287336486696,2025-02-09 06:43:19,9273.55,2551.4,Store A
TTD501,15767,Clothing,Faisabad,3,579,0.0764498253478223,2024-06-29 23:42:19,1604.21,334.21,Store C
TTD502,27236,Electronics,Faisabad,12,1429,0.1371150215423031,2024-07-28 15:54:25,14796.75,1923.92,Store C
TTD503,36615,Sports,Karachi,12,1224,0.2086335638758624,2024-08-03 09:26:15,11623.59,2981.39,Store D
TTD504,52719,Book,Karachi,8,1809,0.2500740997853883,2025-12-16 13:12:49,10852.93,2513.0,Store D
TTD505,20986,Sports,Peshawar,12,289,0.2500825200677271,2024-08-07 10:56:31,2600.71,681.91,Store E
TTD506,90982,Electronics,Peshawar,16,1873,0.1730429975343765,2025-10-20 00:16:01,24782.25,3879.58,Store E
TTD507,37004,Sports,Karachi,2,124,0.0131141411382756,2025-03-06 04:46:41,244.75,31.35,Store D
TTD508,72871,Electronics,Lhore,2,3618,0.1159127058764459,2025-10-02 20:49:42,6397.26,1580.49,Store B
TTD509,78404,Sports,Queeta,2,1284,0.0529334807339449,2025-02-16 04:38:02,2432.07,568.27,Store F
TTD510,95294,Sports,Peshawar,14,2751,0.0856377104863478,2025-03-25 04:57:17,35215.75,9987.95,Store E
TTD511,55867,Sports,Lhore,18,3294,0.258523796129214,2024-09-20 23:02:33,43963.61,11388.27,Store B
TTD512,12574,Electronics,Faisabad,10,2448,0.2110271884053018,2024-04-06 08:28:28,19314.05,5131.17,Store C
TTD513,66202,Sports,Lhore,10,203,0.2913602856005347,2025-12-15 02:29:45,1438.54,397.59,Store B
TTD514,57049,Grocery,Peshawar,13,1094,0.0520660800946675,2024-04-19 17:15:14,13481.52,1394.15,Store E
TTD515,40057,Sports,Peshawar,16,2127,0.2920575892118673,2025-07-11 06:47:54,24092.7,3259.62,Store E
TTD516,41461,Grocery,Karachi,18,2246,0.1937802144057129,2025-07-29 23:33:26,32593.85,5746.75,Store D
TTD517,62514,Clothing,Queeta,19,3137,0.1755191428022405,2025-02-02 18:06:27,49141.53,10297.6,Store F
TTD518,45159,Book,Lhore,8,4924,0.2112772490911706,2025-06-27 13:45:45,31069.37,5520.56,Store B
TTD519,40447,Grocery,Karachi,8,3090,0.0650865217066013,2024-08-08 11:56:41,23111.06,4363.78,Store D
TTD520,51952,Clothing,Faisabad,16,2639,0.1485979729071339,2024-04-26 23:08:10,35949.6,9505.53,Store C
TTD521,87541,Sports,Karachi,11,3112,0.1043866030884528,2025-08-05 06:56:37,30658.64,4414.93,Store D
TTD522,60189,Book,Peshawar,5,4851,0.0477264219724282,2025-01-17 10:17:51,23097.4,6561.3,Store E
TTD523,38637,Grocery,Queeta,13,568,0.0829438179766002,2025-03-06 07:38:40,6771.54,841.39,Store F
TTD524,95553,Book,Peshawar,19,4887,0.1312545976718707,2024-04-28 11:37:54,80665.62,20876.29,Store E
TTD525,37590,Grocery,Faisabad,4,2059,0.2317142370874767,2024-09-30 18:05:58,6327.6,727.4,Store C
TTD526,31331,Grocery,Peshawar,3,1185,0.0356927040161448,2025-04-03 07:53:40,3428.11,607.22,Store E
TTD527,81916,Sports,Peshawar,7,2603,0.2681836101152601,2024-11-08 21:41:46,13334.43,3827.45,Store E
TTD528,95322,Electronics,Karachi,18,4274,0.2303175548591961,2025-06-26 17:09:40,59213.21,6033.87,Store D
TTD529,71165,Book,Islamabad,2,2482,0.2359772376068298,2025-01-02 15:58:39,3792.61,821.27,Store A
TTD530,56716,Sports,Peshawar,14,1396,0.1968266742194754,2024-05-29 20:14:22,15697.22,4211.04,Store E
TTD531,28949,Grocery,Peshawar,11,74,0.2367290621060602,2025-03-19 06:07:03,621.3,150.03,Store E
TTD532,84234,Sports,Karachi,9,3482,0.0768906090113728,2024-07-14 08:27:40,28928.4,7369.23,Store D
TTD533,33104,Sports,Islamabad,3,3015,0.1678259977372866,2024-07-27 14:42:25,7527.01,1830.44,Store A
TTD534,12785,Sports,Karachi,1,672,0.125177916475489,2025-12-10 02:23:07,587.88,165.83,Store D
TTD535,80386,Electronics,Lhore,6,3789,0.001234533406161,2024-09-06 07:08:45,22705.93,4179.28,Store B
TTD536,32026,Book,Faisabad,14,652,0.2318052174099028,2024-12-14 09:46:52,7012.08,1748.35,Store C
TTD537,79413,Clothing,Faisabad,9,1530,0.2555454818367133,2024-12-17 02:08:35,10251.14,2628.0,Store C
TTD538,20798,Sports,Islamabad,16,1827,0.1974520415914637,2025-10-23 14:22:25,23460.08,6077.02,Store A
TTD539,15488,Clothing,Karachi,11,4898,0.146981621639062,2024-08-15 01:46:29,45958.92,6629.47,Store D
TTD540,89846,Book,Islamabad,18,2440,0.2726288704573955,2025-09-29 18:54:16,31946.14,3452.99,Store A
TTD541,30647,Sports,Peshawar,15,3002,0.0148185201672427,2025-09-25 09:02:53,44362.72,6500.78,Store E
TTD542,57369,Electronics,Lhore,11,780,0.1305266581291315,2024-05-15 22:39:59,7460.08,1474.9,Store B
TTD543,76552,Electronics,Peshawar,18,3198,0.1437281239537818,2025-04-21 13:49:52,49290.43,5835.22,Store E
TTD544,25738,Book,Peshawar,16,4059,0.2362974628684353,2024-06-04 02:25:56,49597.9,12008.94,Store E
TTD545,82222,Clothing,Peshawar,6,2947,0.2693802440058996,2024-11-22 21:33:34,12918.82,3141.18,Store E
TTD546,63307,Electronics,Islamabad,3,2639,0.2536337850958849,2025-12-07 17:27:31,5908.98,1329.91,Store A
TTD547,69600,Clothing,Peshawar,11,2979,0.0525461578156276,2024-10-21 01:53:39,31047.11,8322.27,Store E
TTD548,30994,Book,Queeta,4,225,0.03656880219213,2025-01-12 13:26:00,867.09,165.97,Store F
TTD549,75334,Sports,Peshawar,12,1337,0.1924566571046624,2025-11-19 20:42:03,12956.23,2459.35,Store E
TTD550,36827,Grocery,Islamabad,5,4676,0.119265816049851,2024-12-29 16:18:36,20591.57,3000.39,Store A
TTD551,24527,Clothing,Islamabad,11,1801,0.0131133778525565,2025-02-19 00:12:25,19551.21,4249.72,Store A
TTD552,44883,Grocery,Islamabad,14,1009,0.2957407486712745,2024-06-23 23:16:11,9948.37,1226.13,Store A
TTD553,83588,Clothing,Islamabad,9,1903,0.1806166522193779,2024-05-13 00:28:40,14033.58,2890.74,Store A
TTD554,52821,Sports,Lhore,9,4239,0.1187050253522884,2024-01-17 09:43:18,33622.28,5351.56,Store B
TTD555,13609,Sports,Queeta,6,1136,0.2956756614824815,2024-08-03 23:21:11,4800.67,1365.1,Store F
TTD556,10483,Clothing,Faisabad,3,2388,0.2744664702065881,2024-03-23 05:25:16,5197.72,1479.57,Store C
TTD557,63327,Book,Islamabad,13,552,0.0940660038873011,2025-10-31 06:08:17,6500.98,1722.62,Store A
TTD558,97133,Grocery,Lhore,13,2771,0.2544448554757203,2024-06-22 10:37:51,26857.13,4430.31,Store B
TTD559,52377,Grocery,Queeta,12,233,0.1544386498803815,2025-06-29 09:12:30,2364.19,705.88,Store F
TTD560,69248,Book,Karachi,15,2332,0.2274300211446339,2025-06-27 08:01:58,27024.5,3031.44,Store D
TTD561,24949,Grocery,Peshawar,6,2397,0.0122634451156549,2024-05-15 14:44:48,14205.63,3016.12,Store E
TTD562,77988,Grocery,Karachi,16,67,0.0537576355838545,2024-08-29 12:32:46,1014.37,297.99,Store D
TTD563,15128,Grocery,Queeta,19,1382,0.0399466584856077,2025-06-03 18:59:28,25209.08,5826.48,Store F
TTD564,18166,Grocery,Karachi,5,789,0.2351462633614623,2025-06-30 13:33:43,3017.35,898.77,Store D
TTD565,98157,Clothing,Faisabad,14,3604,0.0888501318159272,2024-05-04 05:26:11,45972.98,12511.76,Store C
TTD566,91364,Electronics,Queeta,11,4202,0.1944825765059712,2024-07-14 03:51:53,37232.63,8796.72,Store F
TTD567,47560,Sports,Peshawar,2,4022,0.204987814605742,2025-11-02 13:44:22,6395.08,1500.22,Store E
TTD568,80145,Sports,Lhore,15,3058,0.1426332386562291,2025-04-04 16:52:10,39327.41,9391.03,Store B
TTD569,48192,Electronics,Faisabad,17,2123,0.1189647470866454,2024-01-08 11:07:46,31797.44,3987.34,Store C
TTD570,20559,Clothing,Lhore,7,2666,0.1746352468037165,2024-01-17 06:38:31,15402.96,1957.53,Store B
TTD571,15938,Sports,Islamabad,5,3460,0.2820552171578377,2024-06-24 11:55:33,12420.44,3450.8,Store A
TTD572,68323,Sports,Lhore,14,4337,0.19022384250521,2025-09-28 07:29:35,49167.99,7873.65,Store B
TTD573,65207,Electronics,Faisabad,13,888,0.0196348301312234,2024-03-08 15:42:28,11317.34,1633.74,Store C
TTD574,57827,Electronics,Lhore,14,4928,0.0561145999009876,2025-07-06 22:02:06,65120.54,11928.56,Store B
TTD575,22321,Clothing,Karachi,6,1433,0.1580163121130722,2025-10-22 07:06:11,7239.38,1563.24,Store D
TTD576,76487,Clothing,Queeta,14,341,0.2063267162670214,2024-05-10 17:08:09,3789.0,900.53,Store F
TTD577,39400,Clothing,Lhore,15,760,0.0905395036091703,2024-06-22 08:51:01,10367.85,1126.54,Store B
TTD578,70098,Sports,Lhore,2,1134,0.0894444728598535,2024-12-24 14:46:31,2065.14,591.17,Store B
TTD579,78389,Grocery,Faisabad,13,4979,0.1925787639436894,2025-11-21 02:11:03,52261.95,8148.44,Store C
TTD580,71760,Sports,Faisabad,7,2534,0.1959179266711063,2025-03-23 07:32:50,14262.81,3449.32,Store C
TTD581,16889,Clothing,Islamabad,18,3108,0.1566290927696776,2025-11-16 03:54:49,47181.54,10806.72,Store A
TTD582,53135,Sports,Islamabad,13,3046,0.0559178950686271,2025-10-10 00:31:46,37383.76,5562.66,Store A
TTD583,19592,Book,Islamabad,17,2483,0.1251828303058952,2025-11-23 11:07:51,36926.91,9511.49,Store A
TTD584,51293,Sports,Queeta,5,4143,0.1699274984482011,2024-10-25 05:05:46,17194.95,4814.29,Store F
TTD585,98458,Grocery,Karachi,18,4815,0.1151316739026824,2025-09-16 10:44:33,76691.54,14331.75,Store D
TTD586,74124,Electronics,Queeta,19,762,0.2599764331473645,2025-03-30 08:51:32,10714.06,1821.22,Store F
TTD587,26891,Book,Karachi,8,4833,0.2894668401675981,2025-06-19 17:28:44,27472.05,6841.86,Store D
TTD588,48379,Grocery,Lhore,3,4838,0.0393298750785884,2024-04-03 20:03:16,13943.17,2342.81,Store B
TTD589,76702,Sports,Karachi,8,1152,0.2382473723654871,2025-08-16 21:56:52,7020.31,1656.72,Store D
TTD590,96356,Grocery,Islamabad,5,3631,0.1352417690059363,2025-12-05 11:23:37,15699.69,3036.66,Store A
TTD591,99025,Grocery,Queeta,6,2437,0.1817487976541473,2024-09-08 23:02:30,11964.47,2289.41,Store F
TTD592,80066,Grocery,Queeta,15,3407,0.2208780394790479,2025-12-10 19:36:38,39817.03,9791.94,Store F
TTD593,40375,Grocery,Karachi,6,3901,0.1256734186888519,2024-05-06 20:01:33,20464.49,3748.6,Store D
TTD594,44451,Sports,Lhore,5,3718,0.0705335036860645,2024-11-14 04:32:43,17278.78,2324.63,Store B
TTD595,10896,Electronics,Queeta,9,4258,0.2537292641491393,2024-10-04 16:21:20,28598.59,7663.61,Store F
TTD596,85956,Electronics,Queeta,2,412,0.0641537715858196,2025-05-05 14:24:20,771.14,158.82,Store F
TTD597,78728,Sports,Karachi,6,4102,0.2957532071735551,2024-01-14 23:14:57,17332.92,4691.0,Store D
TTD598,34202,Grocery,Karachi,9,4387,0.2746039944871929,2025-10-30 10:32:19,28640.81,3189.3,Store D
TTD599,83780,Book,Karachi,6,1054,0.0331091069921835,2024-01-16 21:14:33,6114.62,1061.47,Store D
TTD600,74960,Book,Faisabad,9,4286,0.0180928414195765,2024-12-03 21:13:12,37876.09,4384.37,Store C
TTD601,21655,Sports,Lhore,11,1393,0.0442646152722351,2024-02-10 04:56:19,14644.73,3080.77,Store B
TTD602,74405,Electronics,Karachi,15,1441,0.2918024876277851,2024-07-27 07:32:40,15307.69,4448.65,Store D
TTD603,75107,Grocery,Karachi,19,629,0.0816341578488133,2025-01-20 03:07:27,10975.39,1160.53,Store D
TTD604,80411,Book,Peshawar,18,3587,0.1031106445274761,2025-10-28 11:58:03,57908.56,15130.77,Store E
TTD605,65425,Electronics,Queeta,16,261,0.2412155330016989,2024-06-10 08:37:36,3168.68,756.97,Store F
TTD606,87289,Clothing,Islamabad,11,1292,0.0434453082312122,2025-05-17 16:06:57,13594.56,2656.3,Store A
TTD607,37109,Book,Islamabad,9,3238,0.2350445286621647,2025-08-05 16:41:15,22292.33,2300.37,Store A
TTD608,31572,Electronics,Islamabad,10,1469,0.2676036827794421,2024-10-31 20:50:55,10758.9,1434.88,Store A
TTD609,12174,Sports,Karachi,5,4333,0.0642631772744291,2025-05-09 13:13:51,20272.74,3485.01,Store D
TTD610,43589,Sports,Islamabad,1,2513,0.0465471705886939,2025-11-06 12:08:45,2396.03,309.92,Store A
TTD611,96777,Sports,Karachi,5,3477,0.190781300981907,2025-09-29 16:15:48,14068.27,3012.1,Store D
TTD612,71070,Electronics,Faisabad,2,4385,0.2207880222536626,2024-07-24 11:03:47,6833.69,1837.77,Store C
TTD613,85794,Clothing,Islamabad,13,2427,0.104496134080536,2024-12-01 14:33:26,28254.04,7036.63,Store A
TTD614,56359,Clothing,Lhore,11,1607,0.1271829908828296,2025-07-10 18:22:27,15428.79,2529.16,Store B
TTD615,27583,Grocery,Karachi,4,455,0.000877133809438,2025-06-11 00:42:32,1818.4,477.25,Store D
TTD616,87926,Book,Queeta,6,2248,0.0228761811378988,2024-08-16 14:26:03,13179.45,3650.3,Store F
TTD617,26536,Clothing,Queeta,19,2211,0.2221165959634898,2025-05-08 07:19:42,32678.1,5652.62,Store F
TTD618,84658,Clothing,Karachi,2,1746,0.0174122672640858,2024-09-06 07:23:42,3431.2,789.9,Store D
TTD619,65810,Book,Faisabad,3,1734,0.152164135558134,2024-08-19 09:19:46,4410.44,814.54,Store C
TTD620,37449,Book,Lhore,19,3864,0.2878637860566628,2024-06-26 08:07:57,52282.19,7450.18,Store B
TTD621,71596,Grocery,Lhore,9,3343,0.0017976642711487,2024-04-22 10:49:22,30032.91,4943.09,Store B
TTD622,24208,Electronics,Peshawar,6,2930,0.2471298158339979,2024-08-18 17:46:10,13235.46,3674.58,Store E
TTD623,31650,Grocery,Lhore,19,1828,0.2169607086696216,2025-04-18 06:00:27,27196.52,3453.77,Store B
TTD624,61353,Sports,Karachi,13,2270,0.0121086343982464,2025-04-15 20:16:03,29152.67,5635.89,Store D
TTD625,94617,Sports,Islamabad,11,3428,0.018411552401534,2025-11-04 02:56:08,37013.74,6967.61,Store A
TTD626,47647,Book,Karachi,19,1167,0.1483807033691684,2025-01-09 14:26:08,18882.95,3902.92,Store D
TTD627,88129,Sports,Queeta,15,1108,0.2250190288634879,2024-04-14 09:32:34,12880.18,1386.49,Store F
TTD628,38930,Book,Faisabad,4,3641,0.1305750999680431,2024-04-30 12:17:30,12662.3,1996.28,Store C
TTD629,70145,Electronics,Islamabad,9,2215,0.2135498252121029,2024-07-04 14:06:54,15677.88,2766.42,Store A
TTD630,79441,Grocery,Karachi,15,4141,0.1116706249257844,2025-11-28 03:06:20,55178.58,16414.83,Store D
TTD631,94470,Clothing,Lhore,10,630,0.196780078883255,2024-12-23 20:04:58,5060.29,1201.4,Store B
TTD632,32901,Clothing,Faisabad,8,3311,0.2639017995300076,2024-07-07 12:40:34,19497.77,4377.26,Store C
TTD633,75679,Electronics,Faisabad,17,354,0.1010396983420764,2024-10-28 23:10:30,5409.94,1144.61,Store C
TTD634,84823,Electronics,Karachi,6,2158,0.0409288114031909,2025-07-01 17:32:25,12418.05,1250.36,Store D
TTD635,43606,Electronics,Peshawar,8,4815,0.1648072241926311,2024-05-24 00:01:15,32171.63,4797.86,Store E
TTD636,32781,Clothing,Queeta,6,3313,0.1832555900184404,2025-01-19 11:22:09,16235.25,3283.11,Store F
TTD637,87000,Sports,Queeta,12,2071,0.2132402792120149,2024-11-29 20:16:10,19552.55,3610.07,Store F
TTD638,71679,Grocery,Faisabad,5,4982,0.2079852351833514,2024-02-17 15:02:39,19729.09,5151.53,Store C
TTD639,49130,Book,Islamabad,1,4245,0.2472029877377606,2025-10-27 14:09:27,3195.62,485.3,Store A
TTD640,77937,Grocery,Faisabad,15,2852,0.0838297388610852,2025-05-13 18:21:03,39193.76,4784.63,Store C
TTD641,46238,Electronics,Faisabad,4,4190,0.2914667459585546,2024-03-03 14:23:34,11875.02,3155.49,Store C
TTD642,79128,Book,Lhore,12,4304,0.062266115032125,2024-10-10 21:28:33,48432.08,5856.93,Store B
TTD643,18754,Clothing,Faisabad,4,193,0.193058453057556,2025-11-29 20:33:53,622.96,162.32,Store C
TTD644,35606,Sports,Karachi,18,1225,0.2760540060289389,2024-08-18 07:55:43,15963.01,2202.54,Store D
TTD645,23704,Sports,Islamabad,3,4194,0.0350491972831979,2025-01-26 12:32:18,12141.01,2076.31,Store A
TTD646,19023,Grocery,Lhore,7,4758,0.0258319092456839,2025-12-22 00:50:55,32445.64,6537.86,Store B
TTD647,36900,Grocery,Queeta,12,4326,0.2318514373739871,2024-08-24 11:49:46,39876.13,9868.22,Store F
TTD648,89378,Clothing,Islamabad,16,3200,0.2779476868877151,2024-01-10 07:34:04,36969.08,6821.05,Store A
TTD649,49924,Electronics,Peshawar,7,2238,0.0519681662792375,2025-09-03 08:59:09,14851.87,2216.71,Store E
TTD650,45710,Grocery,Queeta,19,4760,0.2563860665208637,2024-01-21 03:18:21,67252.44,15240.11,Store F
TTD651,60986,Book,Peshawar,17,709,0.1945817006673744,2024-03-08 11:03:46,9707.71,1756.18,Store E
TTD652,23691,Clothing,Karachi,15,2916,0.1179988221962116,2025-07-15 11:24:28,38578.73,8962.81,Store D
TTD653,87499,Electronics,Islamabad,5,4015,0.2319065689168776,2025-02-16 13:09:26,15419.48,1723.95,Store A
TTD654,57761,Grocery,Peshawar,18,1206,0.0702763128303971,2025-06-12 21:08:19,20182.44,3945.82,Store E
TTD655,84771,Grocery,Karachi,6,4870,0.2523619364695725,2025-10-31 04:07:11,21845.98,3264.27,Store D
TTD656,11594,Sports,Lhore,13,4673,0.2783610519101325,2025-08-17 22:08:28,43838.84,6783.51,Store B
TTD657,15626,Sports,Queeta,15,776,0.1697981422188942,2024-01-30 18:04:11,9663.55,1882.49,Store F
TTD658,12142,Electronics,Lhore,13,2496,0.2162806156494104,2024-10-18 16:19:43,25430.13,4238.99,Store B
TTD659,35189,Electronics,Lhore,8,1408,0.0279518859137008,2024-03-17 02:13:23,10949.15,1222.42,Store B
TTD660,42520,Book,Queeta,12,2641,0.2742039269109619,2025-05-30 02:10:00,23001.93,3327.71,Store F
TTD661,62629,Clothing,Lhore,7,2094,0.1995386229613932,2025-03-25 14:59:40,11733.16,2691.83,Store B
TTD662,12557,Electronics,Karachi,15,895,0.1825469102804336,2024-05-29 15:58:17,10974.31,2325.29,Store D
TTD663,33408,Electronics,Lhore,18,2937,0.1941528967920423,2025-05-27 13:56:11,42601.91,10058.98,Store B
TTD664,29485,Book,Islamabad,9,1531,0.1552605051098267,2025-03-29 10:16:37,11639.67,2730.65,Store A
TTD665,78106,Book,Queeta,12,4799,0.0017757980466466,2024-08-09 06:47:11,57485.74,12238.9,Store F
TTD666,68645,Book,Faisabad,17,1760,0.0985748428636129,2025-02-03 03:19:36,26970.64,7988.03,Store C
TTD667,66911,Clothing,Queeta,16,2546,0.0737204183328614,2025-11-16 04:26:11,37732.93,9678.99,Store F
TTD668,24172,Book,Karachi,18,2373,0.240627485059178,2024-12-16 10:03:20,32435.84,4792.23,Store D
TTD669,20619,Grocery,Lhore,2,2671,0.1645191375755122,2024-06-11 05:14:17,4463.14,1138.82,Store B
TTD670,52728,Grocery,Peshawar,14,2659,0.2473419974172471,2024-04-04 14:24:58,28018.45,5910.32,Store E
TTD671,81334,Grocery,Peshawar,3,172,0.0313724506638775,2024-09-16 18:12:19,499.81,85.24,Store E
TTD672,53818,Sports,Islamabad,12,4271,0.2033978384900627,2025-09-04 19:51:06,40827.45,9945.43,Store A
TTD673,24210,Grocery,Islamabad,7,4979,0.1594199120670838,2024-01-26 00:23:04,29296.74,3545.1,Store A
TTD674,51458,Electronics,Islamabad,2,2153,0.2886968546387735,2024-07-07 14:13:24,3062.87,718.73,Store A
TTD675,24779,Book,Peshawar,17,3174,0.230633838168675,2025-12-15 11:28:12,41513.46,10636.73,Store E
TTD676,90567,Book,Lhore,17,2623,0.0948657693382305,2025-11-13 15:36:06,40360.84,4973.72,Store B
TTD677,28767,Grocery,Faisabad,13,3156,0.0149827481758468,2024-04-29 18:05:38,40413.29,7003.84,Store C
TTD678,12752,Clothing,Islamabad,2,584,0.0443794948781395,2025-09-26 00:44:14,1116.16,219.35,Store A
TTD679,49042,Sports,Karachi,14,4819,0.0432689288482745,2024-11-24 09:30:33,64546.82,9482.39,Store D
TTD680,20911,Grocery,Lhore,5,2038,0.0605844561101417,2024-09-12 01:50:20,9572.64,1279.22,Store B
TTD681,40163,Book,Karachi,8,4424,0.2454085591372828,2024-02-09 05:21:06,26706.5,4854.36,Store D
TTD682,36624,Sports,Peshawar,9,2009,0.0283530379114925,2025-06-20 18:39:36,17568.35,1936.43,Store E
TTD683,42175,Book,Karachi,14,1780,0.1907506783451531,2025-11-08 08:37:20,20166.49,3694.48,Store D
TTD684,96749,Book,Islamabad,5,2082,0.1472794781144804,2025-11-26 03:22:25,8876.82,1982.19,Store A
TTD685,12817,Book,Lhore,18,369,0.2740515718263753,2024-02-06 06:03:49,4821.75,1190.2,Store B
TTD686,44817,Book,Karachi,1,3380,0.1954100632181898,2024-05-10 15:04:11,2719.51,550.22,Store D
TTD687,35093,Sports,Faisabad,7,550,0.1306503147043164,2025-03-04 22:13:47,3347.0,835.54,Store C
TTD688,41553,Clothing,Faisabad,6,1894,0.0931683905934487,2024-08-16 21:25:34,10305.23,1796.02,Store C
TTD689,84377,Book,Islamabad,15,3658,0.1601529676501293,2025-06-04 04:25:09,46082.41,6032.85,Store A
TTD690,85614,Book,Lhore,3,3447,0.2292218322363179,2025-12-20 02:17:50,7970.62,903.09,Store B
TTD691,66884,Sports,Lhore,4,3843,0.1603855134934804,2025-03-24 23:23:28,12906.55,3270.29,Store B
TTD692,15521,Book,Lhore,7,446,0.2452713940435066,2024-11-08 08:36:14,2356.26,251.06,Store B
TTD693,68811,Book,Peshawar,2,4823,0.2354530118024794,2024-04-06 02:53:17,7374.82,1762.86,Store E
TTD694,86567,Grocery,Karachi,8,4185,0.243044928858494,2025-08-12 13:19:53,25342.86,6122.86,Store D
TTD695,37379,Book,Karachi,18,2075,0.20860184548947,2024-10-16 17:13:41,29558.72,6351.22,Store D
TTD696,28519,Book,Karachi,1,952,0.0452489160029951,2025-11-23 05:23:42,908.92,211.07,Store D
TTD697,72418,Sports,Faisabad,5,893,0.1553312814059268,2025-10-22 15:39:52,3771.45,504.06,Store C
TTD698,86525,Sports,Lhore,5,3472,0.0818864433629059,2025-10-18 05:20:46,15938.45,3872.37,Store B
TTD699,33450,Sports,Karachi,5,154,0.2177507697977137,2024-01-14 18:39:25,602.33,148.6,Store D
TTD700,34370,Sports,Peshawar,3,3463,0.2677497631576315,2024-11-02 14:28:14,7607.35,2110.07,Store E
TTD701,79404,Electronics,Islamabad,4,3213,0.0180654081879885,2024-08-12 17:34:02,12619.82,1918.54,Store A
TTD702,81345,Grocery,Lhore,12,261,0.296414619303131,2025-09-23 16:01:43,2203.63,410.56,Store B
TTD703,92274,Grocery,Faisabad,12,170,0.1774937186414074,2025-03-17 15:12:34,1677.91,321.44,Store C
TTD704,40459,Book,Queeta,8,4454,0.1362619598684214,2025-06-22 15:34:23,30776.71,8188.15,Store F
TTD705,85033,Book,Karachi,18,3036,0.0401071958856111,2025-05-18 02:22:12,52456.22,13527.33,Store D
TTD706,50986,Book,Queeta,10,2639,0.1911621456757991,2025-02-15 13:53:26,21345.23,3870.55,Store F
TTD707,61737,Clothing,Peshawar,8,3435,0.167473790391388,2024-03-10 04:51:18,22877.82,4503.93,Store E
TTD708,86765,Book,Lhore,5,1525,0.2628076728002074,2025-09-02 09:19:26,5621.09,1097.74,Store B
TTD709,45994,Electronics,Peshawar,16,2969,0.0215587725500869,2024-04-08 15:29:31,46479.87,13163.93,Store E
TTD710,34754,Book,Islamabad,4,4759,0.0981367248330128,2024-11-06 01:46:10,17167.87,3427.6,Store A
TTD711,46464,Electronics,Faisabad,10,692,0.2793287951315809,2025-02-27 19:05:21,4987.04,616.1,Store C
TTD712,46889,Electronics,Islamabad,14,1083,0.0735270684792876,2025-07-17 06:33:30,14047.18,2097.41,Store A
TTD713,56988,Book,Queeta,17,1093,0.2126574595260376,2025-05-11 01:55:58,14629.61,2891.24,Store F
TTD714,96498,Sports,Karachi,1,2232,0.1207826308826172,2025-06-26 11:46:26,1962.41,459.02,Store D
TTD715,69364,Clothing,Lhore,9,2871,0.0732939084574367,2024-02-24 10:35:20,23945.16,4621.0,Store B
TTD716,91665,Grocery,Lhore,19,864,0.2620251850813743,2025-06-22 05:31:35,12114.59,1584.81,Store B
TTD717,87955,Sports,Faisabad,5,1033,0.0979784287393961,2024-11-25 06:02:06,4658.94,784.91,Store C
TTD718,31663,Grocery,Karachi,19,3322,0.0076024199296718,2025-12-29 13:23:36,62638.15,15765.19,Store D
TTD719,92474,Grocery,Lhore,9,4736,0.2627446928727793,2024-08-31 14:46:54,31424.77,5523.25,Store B
TTD720,58510,Clothing,Lhore,15,2328,0.038059752997593,2024-03-06 18:59:00,33590.95,9225.81,Store B
TTD721,83299,Sports,Karachi,10,4355,0.1799044684214183,2025-06-02 23:25:58,35715.16,10347.22,Store D
TTD722,75005,Book,Queeta,15,1686,0.1565702170352855,2024-10-26 07:40:48,21330.34,5603.34,Store F
TTD723,12060,Electronics,Peshawar,5,1651,0.0478784513850975,2025-08-17 00:44:32,7859.76,2248.75,Store E
TTD724,77353,Clothing,Queeta,18,1512,0.1006389870111258,2025-12-27 14:30:41,24477.01,4394.26,Store F
TTD725,79361,Clothing,Islamabad,17,4159,0.2780933695914165,2025-06-22 00:57:18,51040.96,5362.6,Store A
TTD726,52566,Grocery,Islamabad,17,4908,0.050058468166243,2024-01-31 07:44:35,79259.32,23214.7,Store A
TTD727,59043,Book,Islamabad,13,2594,0.0190772132371016,2025-08-19 05:28:53,33078.68,9260.85,Store A
TTD728,74432,Sports,Faisabad,18,613,0.2173301631805429,2025-11-30 03:26:47,8635.98,2190.5,Store C
TTD729,59093,Electronics,Islamabad,2,745,0.2231034625661815,2025-06-15 04:59:05,1157.58,116.74,Store A
TTD730,39067,Grocery,Faisabad,7,3999,0.0737155534578068,2024-12-18 04:01:44,25929.48,4169.57,Store C
TTD731,85372,Grocery,Islamabad,10,1785,0.1611111848784295,2024-12-27 11:20:37,14974.17,4352.96,Store A
TTD732,47827,Grocery,Faisabad,15,2738,0.1360218902400227,2025-07-29 16:01:06,35483.58,6224.36,Store C
TTD733,44972,Book,Queeta,2,4241,0.2313263807660142,2025-03-25 15:54:28,6519.89,1030.64,Store F
TTD734,84768,Book,Karachi,8,1681,0.0247961435590007,2024-03-23 06:33:57,13114.54,2027.73,Store D
TTD735,74469,Grocery,Lhore,3,477,0.0377207354398007,2025-06-25 05:26:09,1377.02,174.64,Store B
TTD736,69634,Book,Lhore,8,535,0.2491109168820251,2024-02-17 05:38:27,3213.81,770.77,Store B
TTD737,31950,Sports,Islamabad,17,4380,0.0583775275412602,2025-03-05 20:45:51,70113.21,8157.25,Store A
TTD738,59806,Electronics,Queeta,15,1338,0.2564214372068598,2024-10-13 11:23:17,14923.62,1588.55,Store F
TTD739,98529,Grocery,Lhore,15,2380,0.1639325868924812,2025-05-11 05:20:14,29847.61,6668.17,Store B
TTD740,78313,Sports,Peshawar,16,1070,0.0561273274938147,2024-01-04 22:49:06,16159.1,2497.74,Store E
TTD741,28788,Clothing,Peshawar,17,776,0.2388220780566003,2024-08-20 15:02:51,10041.46,1270.95,Store E
TTD742,23138,Sports,Queeta,3,2608,0.0450841144683216,2024-05-03 11:52:38,7471.26,1908.39,Store F
TTD743,13930,Sports,Peshawar,18,312,0.1819126589375179,2024-12-29 06:59:10,4594.38,523.44,Store E
TTD744,19278,Sports,Islamabad,4,888,0.2879313039683704,2024-10-03 21:27:38,2529.27,488.9,Store A
TTD745,31912,Electronics,Karachi,4,1171,0.1949577490613849,2024-03-19 02:41:52,3770.82,856.8,Store D
TTD746,50994,Sports,Peshawar,3,3345,0.1752510489302332,2025-10-09 18:12:11,8276.36,1640.45,Store E
TTD747,83511,Book,Peshawar,16,530,0.164072310709443,2024-02-13 08:40:36,7088.67,1132.89,Store E
TTD748,62884,Grocery,Faisabad,16,2464,0.0117783976600471,2025-01-01 16:59:05,38959.65,4702.72,Store C
TTD749,52967,Sports,Peshawar,4,195,0.2793363310760028,2025-01-28 14:14:47,562.12,64.91,Store E
TTD750,49086,Book,Lhore,16,448,0.075299762663237,2024-10-07 16:05:22,6628.25,1419.87,Store B
TTD751,20741,Clothing,Peshawar,16,4849,0.0039963303979904,2025-04-05 05:59:54,77273.95,10365.03,Store E
TTD752,44491,Electronics,Queeta,17,644,0.167895066189849,2025-05-03 11:26:04,9109.88,2715.15,Store F
TTD753,93809,Grocery,Faisabad,14,995,0.2072702452209137,2024-07-01 13:58:48,11042.73,2043.6,Store C
TTD754,65235,Clothing,Islamabad,6,4448,0.256570847156016,2024-05-15 18:23:05,19840.64,4225.22,Store A
TTD755,35834,Sports,Karachi,14,731,0.1214322600263441,2024-10-21 07:35:49,8991.26,2062.14,Store D
TTD756,92948,Grocery,Karachi,6,1314,0.0736277694590197,2024-09-19 16:20:06,7303.52,2047.61,Store D
TTD757,48898,Book,Queeta,15,3271,0.253758401039204,2024-05-02 21:01:32,36614.34,7308.9,Store F
TTD758,21008,Grocery,Peshawar,9,1895,0.2365588200681887,2024-09-10 00:37:26,13020.49,2901.58,Store E
TTD759,91324,Book,Faisabad,12,3430,0.0401074373205259,2025-08-11 07:29:54,39509.18,4353.33,Store C
TTD760,79194,Clothing,Karachi,18,982,0.2687005246676444,2024-12-12 07:21:45,12926.45,3353.1,Store D
TTD761,83801,Clothing,Queeta,4,4302,0.1969457494235266,2025-03-20 04:36:40,13818.96,3687.83,Store F
TTD762,96561,Sports,Faisabad,9,2329,0.0598439654817728,2025-02-13 05:28:49,19706.61,4346.67,Store C
TTD763,45147,Book,Peshawar,5,3519,0.2885765522772346,2024-09-06 16:45:25,12517.5,3348.72,Store E
TTD764,39040,Clothing,Queeta,7,1901,0.186893736028179,2025-07-05 02:04:36,10820.01,3139.71,Store F
TTD765,96792,Sports,Lhore,1,2265,0.0803438265495309,2024-02-19 08:48:22,2083.02,498.55,Store B
TTD766,24670,Clothing,Karachi,10,4041,0.1218959727559692,2024-04-21 08:38:55,35484.18,9316.69,Store D
TTD767,96869,Electronics,Karachi,8,1922,0.0714447569673186,2024-03-25 15:49:05,14277.47,2375.65,Store D
TTD768,90744,Grocery,Lhore,13,954,0.185265242385635,2025-04-17 20:56:27,10104.34,1012.73,Store B
TTD769,75815,Grocery,Queeta,10,1772,0.141207978002779,2025-08-28 07:47:12,15217.79,4165.63,Store F
TTD770,35826,Sports,Karachi,14,3055,0.1034504101858759,2024-05-04 16:07:21,38345.43,5016.05,Store D
TTD771,82241,Electronics,Faisabad,15,4538,0.1022906240521476,2025-11-20 03:22:32,61107.08,6763.74,Store C
TTD772,95972,Grocery,Lhore,15,1348,0.1064817743229573,2025-03-04 15:39:05,18066.94,2680.37,Store B
TTD773,16654,Electronics,Lhore,10,4309,0.1317543485521461,2025-05-04 11:54:27,37412.71,6795.35,Store B
TTD774,70589,Book,Lhore,2,2415,0.2336106559612714,2024-05-22 06:22:24,3701.66,917.22,Store B
TTD775,68735,Clothing,Islamabad,18,2654,0.1786478539834778,2024-12-27 15:43:14,39237.63,8006.21,Store A
TTD776,76207,Electronics,Islamabad,15,693,0.2866222412630405,2025-04-01 21:28:49,7415.56,1855.62,Store A
TTD777,47639,Book,Islamabad,9,3584,0.0093598674522473,2024-03-03 01:14:06,31954.09,4065.31,Store A
TTD778,18247,Grocery,Peshawar,19,4564,0.2526720207078257,2025-02-28 23:30:23,64805.29,8934.41,Store E
TTD779,41825,Sports,Peshawar,11,2946,0.1600086797388375,2024-03-26 15:18:46,27220.76,7770.14,Store E
TTD780,88208,Electronics,Faisabad,14,3274,0.279139725912393,2024-06-10 18:33:00,33041.35,5805.49,Store C
TTD781,95214,Clothing,Lhore,1,4143,0.224127265883997,2025-01-11 01:15:47,3214.44,855.68,Store B
TTD782,78122,Grocery,Islamabad,5,536,0.2441073909737666,2024-12-22 04:37:24,2025.79,492.63,Store A
TTD783,53231,Sports,Karachi,19,4482,0.0483338604049308,2025-10-27 06:41:40,81041.99,13459.42,Store D
TTD784,25576,Electronics,Queeta,18,4472,0.2974985740248265,2024-06-04 21:55:41,56548.55,10775.11,Store F
TTD785,75250,Book,Peshawar,12,2674,0.1938508258747636,2025-09-12 23:05:13,25867.71,7313.41,Store E
TTD786,67861,Clothing,Islamabad,7,394,0.1569076325249796,2024-12-11 19:07:39,2325.25,397.9,Store A
TTD787,96439,Clothing,Lhore,18,1918,0.0230723680126018,2025-11-21 12:41:00,33727.45,6311.19,Store B
TTD788,89838,Clothing,Queeta,15,3476,0.2132868142093034,2024-12-02 05:58:49,41019.23,8765.03,Store F
TTD789,73748,Clothing,Islamabad,7,4796,0.0241428677927648,2024-07-08 21:02:39,32761.48,9808.15,Store A
TTD790,51030,Grocery,Queeta,19,4036,0.1163409157520894,2025-06-08 06:44:21,67762.51,17284.69,Store F
TTD791,40330,Book,Lhore,4,3295,0.0337974360223462,2024-04-21 14:55:49,12734.55,3153.89,Store B
TTD792,14258,Grocery,Islamabad,15,3274,0.0230934576721532,2024-09-26 20:01:51,47975.88,5671.55,Store A
TTD793,72838,Sports,Islamabad,19,2966,0.2163362838572164,2025-03-05 11:05:33,44162.59,6693.18,Store A
TTD794,11338,Book,Peshawar,9,3748,0.1327992132456976,2024-10-01 00:42:58,29252.42,5675.18,Store E
TTD795,51099,Grocery,Islamabad,7,2163,0.11501020929518,2024-06-10 10:02:09,13399.63,3781.01,Store A
TTD796,35766,Clothing,Karachi,9,3832,0.0707113090352327,2025-03-06 18:39:09,32049.31,7968.8,Store D
TTD797,99927,Book,Peshawar,13,3157,0.1980610518910694,2024-12-14 03:14:47,32912.38,9435.61,Store E
TTD798,56087,Clothing,Queeta,16,2458,0.0736148051275546,2025-10-26 14:20:10,36432.88,4199.96,Store F
TTD799,12373,Electronics,Peshawar,4,2608,0.2329635425800801,2025-11-19 03:31:01,8001.72,1959.2,Store E
TTD800,24932,Grocery,Peshawar,19,1101,0.262377907676434,2025-07-12 04:11:07,15430.32,4512.01,Store E
TTD801,60343,Sports,Islamabad,19,3134,0.261592955470954,2025-11-01 14:49:29,43969.19,4565.65,Store A
TTD802,18064,Book,Islamabad,17,2226,0.2623863410499508,2025-06-16 14:24:32,27912.78,6810.81,Store A
TTD803,67912,Book,Lhore,12,4827,0.0379155269031822,2024-07-06 19:24:19,55727.78,12311.73,Store B
TTD804,12756,Electronics,Peshawar,1,2648,0.2737140858170978,2025-06-15 03:15:48,1923.21,495.72,Store E
TTD805,63312,Book,Peshawar,11,679,0.0165554635948271,2024-09-25 22:13:28,7345.35,1426.21,Store E
TTD806,10288,Grocery,Lhore,4,2184,0.0761067841040159,2024-06-17 19:41:40,8071.13,1128.34,Store B
TTD807,58692,Book,Queeta,8,2098,0.1295605843974237,2024-11-18 02:08:03,14609.46,2505.73,Store F
TTD808,36831,Book,Queeta,10,2214,0.1025199935236555,2025-01-04 13:24:25,19870.21,4822.97,Store F
TTD809,10859,Clothing,Karachi,1,3763,0.1605903473064145,2024-08-13 14:26:51,3158.7,341.91,Store D
TTD810,90818,Grocery,Peshawar,2,1560,0.2521428285836192,2025-07-11 16:27:35,2333.31,609.94,Store E
TTD811,56520,Sports,Islamabad,5,2883,0.2874970850929945,2024-06-16 14:38:03,10270.73,2791.5,Store A
TTD812,93499,Electronics,Peshawar,14,3602,0.2105149360732352,2024-12-02 15:26:44,39812.15,10029.21,Store E
TTD813,69436,Electronics,Lhore,6,448,0.0136369373131138,2024-11-24 05:25:00,2651.34,372.39,Store B
TTD814,16375,Electronics,Lhore,12,2542,0.2686685131776399,2024-12-26 13:48:48,22308.54,4364.02,Store B
TTD815,81668,Electronics,Karachi,12,4031,0.2328349984133456,2025-05-23 01:31:18,37109.31,8418.26,Store D
TTD816,79045,Sports,Peshawar,9,3140,0.0369587059291407,2024-05-22 03:16:35,27215.55,4011.27,Store E
TTD817,37578,Sports,Karachi,3,3865,0.2822479293156321,2025-06-30 22:28:15,8322.34,1773.52,Store D
TTD818,17859,Clothing,Queeta,5,221,0.0507518533311751,2025-04-27 16:15:06,1048.92,106.85,Store F
TTD819,52908,Sports,Lhore,4,4001,0.1212749783280329,2024-07-10 15:48:25,14063.12,2161.75,Store B
TTD820,27795,Sports,Queeta,11,2830,0.1542221002791649,2024-12-28 18:07:00,26329.07,4051.12,Store F
TTD821,61482,Clothing,Karachi,5,1868,0.2463677865485327,2025-08-21 04:48:47,7038.92,1033.81,Store D
TTD822,78840,Grocery,Islamabad,2,880,0.1018600313735072,2024-07-01 22:53:23,1580.73,329.53,Store A
TTD823,23413,Grocery,Karachi,2,914,0.1284311121676431,2025-10-30 05:58:49,1593.23,308.27,Store D
TTD824,21181,Electronics,Queeta,16,361,0.2013479057528301,2025-04-10 08:34:19,4613.01,1328.42,Store F
TTD825,46172,Grocery,Queeta,12,1243,0.2538369104697637,2025-06-11 08:47:01,11129.77,3016.43,Store F
TTD826,56589,Sports,Lhore,6,4852,0.2049394689363744,2024-08-10 18:14:42,23145.8,5608.96,Store B
TTD827,42631,Clothing,Faisabad,1,3680,0.2997255278825754,2024-04-04 10:59:27,2577.01,516.63,Store C
TTD828,95646,Electronics,Islamabad,1,1501,0.1460881092349884,2024-08-10 12:03:50,1281.72,352.15,Store A
TTD829,83841,Grocery,Peshawar,15,4566,0.2572788830288054,2025-08-31 11:29:04,50868.97,11560.95,Store E
TTD830,74544,Clothing,Lhore,1,3914,0.2823106636964412,2024-01-17 00:47:16,2809.04,754.38,Store B
TTD831,27299,Grocery,Peshawar,4,1072,0.2493535879483034,2025-09-25 02:46:48,3218.77,703.17,Store E
TTD832,21281,Clothing,Islamabad,16,616,0.0874086761901761,2024-09-22 07:17:44,8994.5,2141.09,Store A
TTD833,31577,Electronics,Karachi,1,3435,0.1572570686320585,2025-10-12 05:23:47,2894.82,771.29,Store D
TTD834,24815,Grocery,Queeta,8,1991,0.0080744178183953,2024-04-08 05:54:12,15799.39,3144.39,Store F
TTD835,47684,Grocery,Queeta,12,588,0.1869436458204823,2025-09-09 02:28:29,5736.93,750.51,Store F
TTD836,77692,Clothing,Karachi,11,3989,0.1874732260620516,2025-12-28 14:32:46,35652.86,5757.14,Store D
TTD837,60579,Grocery,Queeta,19,3023,0.1715223633621778,2025-12-27 20:17:09,47585.27,8057.87,Store F
TTD838,11853,Book,Lhore,9,96,0.2344122949068137,2025-04-01 00:47:18,661.47,66.83,Store B
TTD839,74207,Clothing,Peshawar,3,1446,0.2099468449868262,2025-07-30 16:35:45,3427.25,748.81,Store E
TTD840,47666,Electronics,Lhore,17,695,0.1325203759138344,2024-06-16 22:27:18,10249.27,2486.29,Store B
TTD841,38918,Book,Peshawar,19,4698,0.0824224686529111,2025-04-30 17:18:38,81904.81,18728.35,Store E
TTD842,70038,Electronics,Lhore,16,313,0.1779194634469335,2025-10-28 18:51:54,4116.98,713.55,Store B
TTD843,45779,Book,Faisabad,13,432,0.0343409986512424,2025-03-14 07:34:16,5423.14,572.88,Store C
TTD844,53259,Sports,Islamabad,5,1146,0.007609832572058,2024-02-08 08:31:11,5686.4,742.33,Store A
TTD845,97315,Sports,Peshawar,11,1205,0.293901331298277,2025-11-10 09:22:26,9359.34,1296.93,Store E
TTD846,17406,Clothing,Islamabad,7,2311,0.0475101968034442,2025-06-14 05:21:19,15408.43,4066.09,Store A
TTD847,89743,Clothing,Peshawar,15,3307,0.1088405955559304,2024-06-26 04:56:06,44205.96,11652.87,Store E
TTD848,41790,Grocery,Lhore,5,512,0.1722385114960097,2024-12-04 02:26:01,2119.07,493.94,Store B
TTD849,13908,Sports,Islamabad,3,1246,0.2518601231882745,2024-08-19 05:30:46,2796.55,496.53,Store A
TTD850,73733,Book,Lhore,15,4000,0.2080762820799244,2025-10-10 13:23:10,47515.42,12727.27,Store B
TTD851,38421,Electronics,Islamabad,7,3349,0.2970098442840244,2024-07-16 04:37:57,16480.2,4642.91,Store A
TTD852,73882,Grocery,Faisabad,4,4153,0.0867685828469389,2024-10-05 10:01:44,15170.6,1885.01,Store C
TTD853,28093,Electronics,Faisabad,16,1092,0.1597101536111752,2024-03-08 01:15:57,14681.54,1910.78,Store C
TTD854,40537,Electronics,Queeta,10,544,0.0075918698529719,2025-03-10 11:45:08,5398.7,691.99,Store F
TTD855,16414,Electronics,Faisabad,3,2251,0.2298948277083132,2024-08-17 12:45:46,5200.52,1363.21,Store C
TTD856,92196,Book,Peshawar,9,1785,0.251788971063332,2024-10-25 01:15:06,12020.01,1743.3,Store E
TTD857,87506,Sports,Karachi,16,4015,0.1379899282968872,2024-05-03 15:29:54,55375.53,13779.21,Store D
TTD858,19460,Clothing,Karachi,12,4702,0.2390570269407887,2024-02-12 14:53:50,42935.45,11577.83,Store D
TTD859,90013,Electronics,Peshawar,9,109,0.1435335328641881,2024-06-17 08:12:49,840.19,94.77,Store E
TTD860,53663,Grocery,Peshawar,8,660,0.0857604317713722,2024-08-05 12:33:44,4827.18,793.83,Store E
TTD861,20563,Electronics,Lhore,8,3405,0.0375854943625257,2024-08-18 09:39:59,26216.17,5070.63,Store B
TTD862,57239,Book,Peshawar,14,178,0.1726563303545423,2025-03-23 12:54:43,2061.74,378.15,Store E
TTD863,88401,Electronics,Karachi,4,2577,0.2444933254420734,2025-05-21 01:29:51,7787.76,1309.5,Store D
TTD864,32396,Clothing,Islamabad,4,2839,0.2465779349180851,2025-01-17 09:47:33,8555.86,1479.27,Store A
TTD865,58175,Grocery,Lhore,3,1211,0.0905483845623968,2024-04-09 22:45:17,3304.04,788.56,Store B
TTD866,90916,Book,Queeta,3,3438,0.2052661650841193,2025-05-03 03:58:41,8196.88,2300.02,Store F
TTD867,29007,Electronics,Islamabad,19,596,0.2800026996338046,2025-01-02 20:31:05,8153.25,1683.49,Store A
TTD868,74492,Sports,Karachi,2,415,0.1328837271480159,2025-02-13 00:09:16,719.71,209.93,Store D
TTD869,44599,Grocery,Peshawar,16,1942,0.1389390087801436,2024-12-03 21:37:21,26754.89,6930.39,Store E
TTD870,18995,Book,Karachi,15,3809,0.1024079181208883,2025-03-04 08:18:39,51283.92,5853.9,Store D
TTD871,11847,Sports,Karachi,8,72,0.0749993723897016,2024-07-03 21:41:18,532.8,123.32,Store D
TTD872,25569,Sports,Peshawar,12,338,0.1638635986510166,2024-12-13 23:10:56,3391.37,727.16,Store E
TTD873,20842,Book,Islamabad,19,3947,0.1753268532619947,2024-02-04 14:12:33,61844.71,7728.65,Store A
TTD874,83712,Grocery,Lhore,9,3063,0.1138767043248596,2025-06-12 11:59:03,24427.76,4986.75,Store B
TTD875,16861,Book,Faisabad,18,3693,0.2804116145986124,2024-04-17 04:51:41,47833.92,5459.46,Store C
TTD876,82881,Sports,Queeta,12,4444,0.2952454010121382,2025-04-19 17:15:10,37583.15,9104.47,Store F
TTD877,67781,Grocery,Islamabad,1,4874,0.2332522187360536,2024-08-19 12:28:17,3737.13,1098.14,Store A
TTD878,45470,Electronics,Islamabad,12,4207,0.2873272642911845,2025-04-13 16:49:28,35978.57,5642.07,Store A
TTD879,61396,Electronics,Islamabad,9,495,0.138687292787135,2024-08-01 07:17:21,3837.15,1015.51,Store A
TTD880,81995,Book,Peshawar,3,4737,0.2427030001744697,2025-12-08 06:30:42,10761.95,2933.11,Store E
TTD881,68299,Grocery,Islamabad,3,2663,0.1470166054954454,2025-07-25 03:12:44,6814.48,909.2,Store A
TTD882,59292,Electronics,Islamabad,18,4657,0.2410674809337189,2025-07-06 15:15:37,63618.28,18540.53,Store A
TTD883,86801,Clothing,Karachi,5,3334,0.2395422137248271,2025-11-12 09:50:05,12676.83,2618.28,Store D
TTD884,90158,Sports,Faisabad,19,3849,0.016776492523768,2025-08-23 03:51:28,71904.12,10528.31,Store C
TTD885,54662,Book,Faisabad,10,3522,0.274604099098145,2025-11-04 18:09:03,25548.44,5322.93,Store C
TTD886,22830,Clothing,Lhore,12,583,0.2650168619470862,2025-10-21 20:16:06,5141.94,1419.55,Store B
TTD887,24726,Clothing,Peshawar,16,2220,0.0651749079321763,2025-07-13 21:19:04,33204.99,6809.57,Store E
TTD888,86851,Book,Lhore,3,991,0.2785299102572019,2024-02-09 08:13:25,2144.93,600.0,Store B
TTD889,79408,Electronics,Queeta,8,3547,0.0443560874078578,2025-07-18 05:03:33,27117.35,3717.59,Store F
TTD890,46298,Sports,Karachi,5,2044,0.1192850096363814,2024-01-17 23:40:32,9000.91,2237.38,Store D
TTD891,72188,Book,Islamabad,4,2791,0.0742173029107794,2024-01-25 15:51:38,10335.44,2143.56,Store A
TTD892,10526,Clothing,Islamabad,17,132,0.0318428840778091,2025-12-09 23:39:19,2172.54,593.5,Store A
TTD893,33723,Clothing,Peshawar,17,4020,0.1860650808361706,2024-01-31 11:28:58,55624.31,15949.34,Store E
TTD894,52204,Sports,Queeta,19,4356,0.1799535945766703,2025-04-30 13:35:30,67870.32,9547.74,Store F
TTD895,75935,Clothing,Peshawar,13,4141,0.0877584755964759,2025-11-29 22:29:02,49108.7,6927.76,Store E
TTD896,76775,Book,Queeta,18,1914,0.1201339117893097,2024-10-04 07:58:30,30313.15,7149.0,Store F
TTD897,11640,Grocery,Faisabad,11,4854,0.2546173555937664,2024-07-28 21:29:16,39798.96,10997.57,Store C
TTD898,85022,Grocery,Karachi,11,1696,0.2448056524992619,2025-11-12 23:30:36,14088.91,1483.73,Store D
TTD899,79514,Electronics,Peshawar,17,1200,0.0691833758517401,2024-10-19 22:13:38,18988.66,5506.74,Store E
TTD900,20567,Book,Faisabad,8,1535,0.1093305357367853,2025-09-25 07:31:29,10937.42,2778.83,Store C
TTD901,13048,Clothing,Faisabad,7,291,0.2816948683383811,2025-04-19 13:45:47,1463.19,356.33,Store C
TTD902,13627,Clothing,Faisabad,9,1845,0.1870355891045078,2025-04-22 05:07:30,13499.27,3025.51,Store C
TTD903,16181,Clothing,Islamabad,3,2572,0.0354620792156261,2025-04-04 08:30:04,7442.37,968.09,Store A
TTD904,92435,Sports,Karachi,6,2358,0.226998786044854,2025-08-11 02:58:07,10936.42,2228.55,Store D
TTD905,29617,Sports,Lhore,1,1062,0.2865855276363071,2025-08-28 03:28:00,757.65,141.64,Store B
TTD906,16065,Clothing,Faisabad,10,2956,0.0595486448837147,2025-05-11 04:52:42,27799.74,5831.04,Store C
TTD907,42269,Book,Islamabad,15,376,0.1872994713150877,2024-12-19 21:12:53,4583.63,532.6,Store A
TTD908,74400,Sports,Queeta,10,2617,0.0321482259208766,2024-11-28 18:28:50,25328.68,4473.7,Store F
TTD909,12562,Electronics,Islamabad,12,1874,0.0822749957443691,2025-07-12 11:10:19,20637.8,2748.05,Store A
TTD910,19500,Grocery,Lhore,12,3737,0.0198607243985537,2024-07-19 11:28:53,43953.37,10179.19,Store B
TTD911,56236,Book,Faisabad,3,1720,0.2864475797445138,2024-07-02 08:15:06,3681.93,433.44,Store C
TTD912,73949,Sports,Queeta,15,2177,0.2481735154583743,2024-12-01 08:07:00,24550.89,6877.69,Store F
TTD913,20782,Sports,Queeta,9,4402,0.2009427528908621,2025-07-07 18:18:36,31657.05,6654.96,Store F
TTD914,84666,Electronics,Queeta,3,4092,0.0239369739325826,2025-07-15 14:41:09,11982.15,2871.01,Store F
TTD915,33170,Book,Queeta,8,2458,0.020839065477376,2025-01-09 03:29:30,19254.22,4132.95,Store F
TTD916,77258,Grocery,Faisabad,18,1874,0.0963528962423216,2025-01-03 13:09:11,30481.82,7535.12,Store C
TTD917,15589,Electronics,Faisabad,17,4666,0.1177807358052062,2025-04-29 04:15:50,69979.4,19645.51,Store C
TTD918,90877,Clothing,Peshawar,16,4362,0.1149690492008694,2024-04-15 17:59:30,61768.08,9020.97,Store E
TTD919,99824,Book,Faisabad,3,827,0.0446268534734523,2024-05-14 11:59:38,2370.28,390.99,Store C
TTD920,71347,Grocery,Peshawar,3,1751,0.1477568496686239,2025-08-20 09:01:30,4476.83,899.81,Store E
TTD921,16990,Electronics,Queeta,12,4341,0.0131940491396244,2025-06-12 17:54:00,51404.7,12260.25,Store F
TTD922,92890,Clothing,Karachi,11,133,0.0455059266712664,2024-07-17 13:56:16,1396.42,215.79,Store D
TTD923,21762,Sports,Peshawar,5,2854,0.1928552218284874,2024-03-02 05:21:19,11517.96,1337.66,Store E
TTD924,67598,Book,Karachi,6,3031,0.0565104486366225,2025-06-14 17:03:24,17158.3,3872.01,Store D
TTD925,21862,Grocery,Queeta,19,1590,0.0763867096764811,2025-08-16 12:11:42,27902.36,5816.43,Store F
TTD926,85933,Sports,Lhore,2,1870,0.2470758294684826,2024-05-21 14:11:15,2815.94,783.47,Store B
TTD927,11376,Sports,Peshawar,18,893,0.2701929778762054,2025-11-10 12:00:04,11730.92,1220.42,Store E
TTD928,44693,Electronics,Lhore,6,4512,0.1943115335842261,2024-03-04 14:00:30,21811.6,4280.5,Store B
TTD929,13531,Grocery,Lhore,18,2210,0.2783329027193265,2025-09-21 17:17:52,28707.92,4964.83,Store B
TTD930,17094,Sports,Peshawar,6,4881,0.1908336732353436,2025-07-17 04:44:23,23697.25,2743.57,Store E
TTD931,35459,Book,Faisabad,1,93,0.2565506079743685,2024-04-30 21:11:02,69.14,10.83,Store C
TTD932,46092,Sports,Queeta,6,759,0.0859207306609406,2024-10-28 22:47:15,4162.72,602.58,Store F
TTD933,68488,Clothing,Karachi,9,290,0.2342730583248167,2025-09-17 03:49:17,1998.55,547.9,Store D
TTD934,13058,Grocery,Lhore,17,4647,0.1758059657686607,2025-07-17 23:34:19,65110.5,7084.8,Store B
TTD935,10920,Clothing,Peshawar,2,3329,0.014400298815713,2024-01-18 18:30:33,6562.12,1016.19,Store E
TTD936,64514,Book,Peshawar,11,3950,0.0638286212503639,2025-01-12 23:52:10,40676.65,8008.7,Store E
TTD937,45798,Sports,Peshawar,12,1212,0.1252274678604396,2024-07-31 17:33:06,12722.69,2529.25,Store E
TTD938,56263,Sports,Queeta,5,4028,0.0869032809385227,2025-04-09 19:56:12,18389.77,4615.75,Store F
TTD939,66561,Sports,Peshawar,12,573,0.0640878815170148,2025-09-19 20:01:54,6435.33,1144.1,Store E
TTD940,69561,Book,Queeta,12,344,0.0937846031264624,2024-05-03 12:46:34,3740.86,417.24,Store F
TTD941,50085,Book,Lhore,15,3776,0.1746198609697734,2025-12-13 15:15:49,46749.53,12494.3,Store B
TTD942,31486,Book,Peshawar,5,1197,0.1634176521655104,2024-10-11 21:46:16,5006.95,983.62,Store E
TTD943,91991,Clothing,Queeta,10,1769,0.2891581121525314,2025-10-10 00:45:29,12574.79,1886.62,Store F
TTD944,35125,Electronics,Islamabad,3,3258,0.2196704573920181,2025-08-09 15:28:29,7626.94,1456.7,Store A
TTD945,26544,Sports,Queeta,13,1337,0.0925548468232112,2024-06-04 09:04:42,15772.3,4662.36,Store F
TTD946,85293,Sports,Faisabad,15,2199,0.2799521787407506,2025-07-23 19:52:02,23750.78,6246.25,Store C
TTD947,72345,Grocery,Karachi,8,2724,0.2523411988299114,2025-03-14 03:50:37,16292.98,3946.32,Store D
TTD948,70642,Clothing,Faisabad,7,2878,0.2161888465009024,2025-02-10 02:44:16,15790.66,3108.58,Store C
TTD949,37554,Grocery,Peshawar,9,2275,0.1091785177111635,2024-02-13 23:13:32,18239.57,3588.73,Store E
TTD950,45478,Grocery,Peshawar,13,4023,0.0574092663218516,2024-01-11 21:40:36,49296.55,9737.86,Store E
TTD951,64368,Grocery,Lhore,10,752,0.2371660902904291,2025-08-05 21:23:28,5736.51,721.36,Store B
TTD952,64669,Grocery,Peshawar,6,679,0.0729879300283003,2024-03-15 03:00:51,3776.65,958.26,Store E
TTD953,31622,Electronics,Lhore,3,3122,0.0109284991256822,2025-06-28 12:18:04,9263.64,2689.66,Store B
TTD954,81977,Clothing,Peshawar,8,2921,0.1926841578530029,2024-05-19 06:00:41,18865.36,4041.77,Store E
TTD955,73558,Book,Peshawar,18,4809,0.2753356951726086,2025-07-21 19:18:36,62728.39,8271.52,Store E
TTD956,34035,Electronics,Islamabad,16,594,0.2286957570002093,2024-10-25 13:37:46,7330.48,1966.85,Store A
TTD957,99106,Grocery,Peshawar,14,78,0.2716955252450697,2025-10-03 17:24:59,795.31,195.03,Store E
TTD958,24580,Book,Queeta,13,4870,0.0109914738017074,2025-07-05 21:06:44,62614.13,16147.8,Store F
TTD959,54554,Grocery,Lhore,9,2457,0.1345802236120674,2025-09-30 04:21:57,19137.03,4908.26,Store B
TTD960,40134,Sports,Peshawar,5,636,0.012017874595245,2025-04-22 08:51:51,3141.78,449.17,Store E
TTD961,55646,Sports,Queeta,18,596,0.2458842892104466,2025-05-18 02:22:47,8090.15,2134.79,Store F
TTD962,87271,Book,Faisabad,2,3361,0.2290531515725477,2024-05-22 11:15:03,5182.3,1432.64,Store C
TTD963,23635,Sports,Karachi,3,3162,0.2156845251710675,2025-09-08 17:55:39,7440.02,1911.56,Store D
TTD964,88959,Grocery,Queeta,10,3869,0.2924851151489056,2025-07-25 12:21:31,27373.75,4365.19,Store F
TTD965,24060,Book,Islamabad,16,2136,0.1212034013076812,2024-01-22 05:04:54,30033.75,3952.05,Store A
TTD966,51466,Clothing,Islamabad,12,3175,0.0969037606585597,2025-05-17 11:02:31,34407.97,10080.86,Store A
TTD967,90815,Sports,Karachi,5,173,0.1293956531045128,2024-05-08 22:32:52,753.07,204.93,Store D
TTD968,10754,Book,Karachi,7,4897,0.1781883856187492,2024-05-12 11:07:04,28170.88,5890.78,Store D
TTD969,89979,Grocery,Peshawar,6,2717,0.0015885832890163,2024-03-09 06:14:56,16276.1,4418.38,Store E
TTD970,44131,Book,Faisabad,1,2728,0.2076531222585016,2025-11-30 10:13:28,2161.52,561.14,Store C
TTD971,83885,Sports,Queeta,12,2553,0.2264644948355477,2024-07-20 14:31:05,23698.03,3432.29,Store F
TTD972,25342,Grocery,Lhore,17,334,0.0439115572962208,2025-09-14 04:57:06,5428.67,1458.03,Store B
TTD973,27213,Electronics,Karachi,18,1813,0.2688524945922106,2025-01-05 06:30:59,23860.27,3372.58,Store D
TTD974,11671,Grocery,Karachi,4,2728,0.0833069754289988,2025-10-26 16:59:02,10002.95,1929.42,Store D
TTD975,73722,Electronics,Islamabad,4,1158,0.2562600419058767,2024-11-12 17:09:20,3445.0,897.18,Store A
TTD976,54562,Book,Lhore,8,2677,0.0995402651010998,2025-12-30 12:27:18,19284.25,4629.92,Store B
TTD977,45221,Book,Queeta,18,256,0.1657496558176417,2024-04-14 22:10:33,3844.23,401.95,Store F
TTD978,95679,Clothing,Karachi,12,4378,0.0157803833440272,2024-10-28 23:32:33,51706.96,13364.06,Store D
TTD979,48142,Electronics,Lhore,15,2218,0.0290577860834224,2025-08-04 23:31:48,32303.25,6832.83,Store B
TTD980,68245,Electronics,Queeta,7,1125,0.2562223588089753,2025-07-04 05:47:11,5857.25,804.49,Store F
TTD981,77604,Book,Lhore,14,3209,0.0067118561977706,2024-02-10 21:27:51,44624.46,10112.37,Store B
TTD982,22555,Sports,Karachi,11,1915,0.0482643743004052,2025-04-21 19:21:44,20048.31,5096.66,Store D
TTD983,64590,Electronics,Karachi,14,3734,0.0208176611651417,2024-06-30 19:39:42,51187.74,11351.44,Store D
TTD984,76944,Grocery,Faisabad,18,2846,0.2620288662493411,2025-11-25 14:45:24,37804.79,9686.2,Store C
TTD985,93458,Book,Faisabad,18,1115,0.244831243744205,2025-06-18 19:03:34,15156.24,2649.85,Store C
TTD986,33263,Grocery,Lhore,11,2181,0.1092584859200268,2024-07-10 20:37:48,21369.78,3184.07,Store B
TTD987,52569,Clothing,Karachi,6,2551,0.0700488162204929,2025-06-17 09:31:12,14233.83,3105.94,Store D
TTD988,45134,Electronics,Lhore,2,836,0.2122491278918149,2025-04-04 22:48:53,1317.12,343.47,Store B
TTD989,22896,Clothing,Islamabad,11,2469,0.2849858670821201,2025-09-03 16:10:15,19419.07,5065.19,Store A
TTD990,42762,Clothing,Lhore,5,4261,0.2038011114756582,2024-08-14 03:09:27,16963.02,4083.22,Store B
TTD991,11423,Electronics,Karachi,18,4675,0.280192276713768,2025-02-07 13:02:32,60571.82,8566.2,Store D
TTD992,45304,Book,Islamabad,5,4963,0.0076740401607557,2024-09-20 15:18:02,24624.57,5811.95,Store A
TTD993,12311,Grocery,Lhore,14,107,0.298621272039782,2024-06-17 11:50:10,1050.67,272.69,Store B
TTD994,83005,Clothing,Queeta,19,1455,0.1082670908590113,2024-05-31 23:16:27,24651.96,4009.83,Store F
TTD995,57667,Sports,Lhore,10,2946,0.1090243053378434,2025-01-17 02:06:31,26248.14,3343.33,Store B
TTD996,54154,Electronics,Peshawar,1,3027,0.1371723328510597,2024-03-15 17:25:05,2611.78,305.46,Store E
TTD997,25137,Sports,Karachi,4,580,0.1687877356314338,2025-09-18 03:40:56,1928.41,375.79,Store D
TTD998,86807,Clothing,Peshawar,16,2936,0.2504764382637342,2024-09-02 02:59:24,35209.62,5490.05,Store E
TTD999,52562,Book,Peshawar,7,643,0.169186956692847,2025-05-05 12:27:52,3739.49,647.12,Store E
TTD1000,30222,Electronics,Peshawar,18,514,0.002306184488268,2025-07-16 23:59:23,9230.66,2017.78,Store E
