Transaction ID,Customer ID,product detail,City,Quantity,Price variation,Discount,Transaction Date
TTD1,32773,Grocery,Karachi,16,2402,0.25433555614401787,2025-10-29 15:13:44
TTD2,22149,book,Faisabad,16,3658,0.07833994474830185,2025-10-30 13:55:37
TTD3,50218,sports,Islamabad,7,604,0.1751745342924012,2024-06-09 01:37:06
TTD4,57448,sports,Islamabad,12,1520,0.22984226843430677,2025-05-05 04:27:19
TTD5,92242,clothing,Queeta,3,2121,0.040820324726189204,2025-11-01 02:38:16
TTD6,78856,Grocery,Karachi,8,4713,0.2337821606370839,2024-10-24 01:46:35
TTD7,32875,book,Peshawar,4,2253,0.29538243280226684,2025-10-04 23:43:15
TTD8,15008,book,Faisabad,12,2277,0.14825850628093362,2024-07-14 17:26:50
TTD9,65451,sports,Queeta,11,2706,0.17361817373324442,2025-01-31 14:10:44
TTD10,81291,book,Faisabad,3,699,0.01231235040964449,2024-03-02 20:34:53
TTD11,47747,Grocery,Karachi,17,2622,0.21550598716323452,2025-11-21 07:59:17
TTD12,50168,Grocery,Lhore,14,533,0.11775859712212298,2024-03-25 03:37:56
TTD13,30899,Electronics,Islamabad,6,1959,0.15042379010231322,2025-05-02 14:26:35
TTD14,91121,sports,Faisabad,9,3228,0.22208515477839536,2025-10-13 21:11:41
TTD15,10186,Electronics,Karachi,12,1092,0.06106474679913246,2025-12-27 20:13:54
TTD16,94265,clothing,Queeta,7,2087,0.2026299608037948,2025-12-28 02:13:04
TTD17,67539,Electronics,Queeta,16,1766,0.18614532596848682,2024-02-29 02:47:37
TTD18,76068,Grocery,Peshawar,12,3543,0.08295409614473616,2025-10-31 09:46:57
TTD19,20587,Grocery,Peshawar,9,2640,0.24064481095937268,2025-12-18 08:35:50
TTD20,85630,book,Lhore,12,3241,0.28950515673127164,2025-12-02 11:21:16
TTD21,14879,clothing,Queeta,1,277,0.07860970441721582,2024-06-20 15:14:38
TTD22,54979,book,Faisabad,7,3888,0.06466864674458105,2025-07-20 03:50:07
TTD23,27287,sports,Karachi,14,4069,0.12996453511859882,2025-01-09 06:27:28
TTD24,25160,book,Faisabad,7,851,0.11021852918075685,2024-04-18 22:48:49
TTD25,34781,Electronics,Lhore,3,212,0.16750118314525322,2024-04-01 20:54:27
TTD26,31272,Grocery,Lhore,14,1604,0.2149008320156968,2024-01-20 02:43:41
TTD27,81930,book,Faisabad,1,1649,0.17367555334558846,2024-03-22 02:52:33
TTD28,48399,clothing,Peshawar,7,4095,0.04879106146944856,2025-02-02 12:11:35
TTD29,35960,Electronics,Peshawar,4,3547,0.10097154777944295,2024-10-12 19:44:34
TTD30,51973,sports,Karachi,3,2360,0.08176506314942901,2024-10-24 11:00:40
TTD31,15198,Grocery,Faisabad,10,1384,0.26292875182536596,2025-12-06 22:52:32
TTD32,52224,Grocery,Lhore,15,3069,0.03895901665028192,2025-06-26 16:46:49
TTD33,86430,Grocery,Faisabad,4,3552,0.22329440210947843,2025-10-01 08:26:45
TTD34,35486,Electronics,Karachi,16,2406,0.03432109966970138,2025-05-25 12:22:27
TTD35,37929,clothing,Islamabad,11,652,0.2764505017889971,2025-01-05 23:29:29
TTD36,28518,sports,Queeta,16,4653,0.024753943020368516,2024-03-10 15:20:01
TTD37,41382,book,Islamabad,13,958,0.26706317843024496,2025-02-12 22:08:53
TTD38,65281,Electronics,Karachi,2,2615,0.26064679752081654,2024-08-28 16:22:12
TTD39,39600,Grocery,Lhore,10,1155,0.12795455198448996,2025-09-13 22:35:46
TTD40,17228,Electronics,Islamabad,17,1302,0.2273747634378877,2024-01-24 05:21:54
TTD41,83343,clothing,Lhore,18,4628,0.2676514606811699,2024-05-03 11:53:16
TTD42,75908,clothing,Karachi,18,1791,0.18580920401744255,2024-09-06 23:57:11
TTD43,27765,Electronics,Queeta,9,1679,0.04963036955356115,2024-09-21 09:12:38
TTD44,38655,clothing,Peshawar,7,3834,0.07288251755589042,2025-10-21 04:18:57
TTD45,73573,book,Peshawar,15,871,0.12060745854772498,2024-06-12 14:12:27
TTD46,43149,Grocery,Karachi,4,1586,0.2299128848778987,2025-05-06 10:54:39
TTD47,75110,book,Islamabad,5,346,0.057090488969159234,2025-04-07 23:04:53
TTD48,63826,sports,Peshawar,13,2514,0.23858678418473575,2025-05-11 10:23:57
TTD49,14446,Electronics,Islamabad,8,2008,0.018111303375601018,2025-11-08 14:30:19
TTD50,17829,clothing,Faisabad,7,4529,0.110793500901699,2024-12-16 17:57:50
TTD51,91237,Grocery,Faisabad,16,4780,0.2949884479418299,2025-09-06 15:52:44
TTD52,18940,book,Queeta,12,3677,0.15341116193874424,2024-02-04 00:53:43
TTD53,47673,Grocery,Queeta,10,3050,0.25829788733015024,2024-07-17 12:45:34
TTD54,66599,sports,Peshawar,14,1710,0.2645520217783647,2025-06-27 19:14:41
TTD55,27123,Electronics,Queeta,13,1079,0.2168273226899615,2024-02-06 09:18:31
TTD56,16472,clothing,Faisabad,1,3900,0.2146997429597803,2025-08-19 17:59:13
TTD57,63303,Electronics,Lhore,8,4880,0.1218661998851057,2024-11-18 16:42:43
TTD58,22952,Grocery,Lhore,17,4611,0.25949018869098617,2025-06-08 06:00:18
TTD59,58748,Grocery,Lhore,8,321,0.28279058864122686,2025-01-19 14:08:47
TTD60,77029,Electronics,Faisabad,15,3894,0.21626439005281609,2024-11-22 18:09:19
TTD61,68360,sports,Peshawar,15,2826,0.12201531913452496,2024-03-01 13:00:27
TTD62,75507,sports,Peshawar,12,156,0.24104824747311793,2024-07-20 07:48:08
TTD63,16879,book,Peshawar,7,3265,0.02558230747910174,2024-03-12 19:30:06
TTD64,15690,clothing,Faisabad,5,1518,0.09992987638679261,2025-01-08 19:55:39
TTD65,95317,sports,Karachi,13,2466,0.2867229992519393,2025-01-14 02:05:52
TTD66,82669,sports,Queeta,19,2968,0.2326985602540974,2024-01-14 04:14:30
TTD67,20026,Grocery,Lhore,11,3633,0.07267826142219273,2024-04-02 18:57:55
TTD68,38224,book,Faisabad,11,1928,0.20680023886383767,2024-09-03 18:23:29
TTD69,13833,Electronics,Lhore,8,2369,0.2061327493825865,2025-11-08 15:53:38
TTD70,73642,clothing,Lhore,17,3088,0.2409572257566267,2024-10-21 06:32:05
TTD71,26647,clothing,Islamabad,5,835,0.02204908445287219,2024-05-15 04:05:16
TTD72,29318,book,Queeta,5,4444,0.18985069669695723,2024-10-03 14:25:40
TTD73,45856,clothing,Peshawar,12,4573,0.002215007559196125,2025-06-02 08:22:48
TTD74,24544,book,Faisabad,5,3438,0.2747867355977276,2024-07-16 00:33:22
TTD75,84823,clothing,Karachi,10,1432,0.04082646724962746,2025-03-02 18:23:20
TTD76,84692,clothing,Faisabad,10,3525,0.07016784934804507,2025-04-25 09:20:29
TTD77,30299,clothing,Queeta,4,2780,0.024143137334187048,2025-06-01 14:39:15
TTD78,34259,book,Islamabad,9,834,0.06682177820741358,2024-09-09 08:39:15
TTD79,67735,Electronics,Lhore,11,1330,0.05005823412112009,2024-02-05 21:46:19
TTD80,70355,book,Karachi,18,4783,0.030052839107696926,2025-01-25 17:37:35
TTD81,88240,clothing,Peshawar,8,4999,0.08472932956402209,2025-02-06 11:14:22
TTD82,94964,clothing,Peshawar,18,4317,0.19163589050491878,2025-10-16 10:28:40
TTD83,44797,Grocery,Faisabad,9,3653,0.0034403348427176736,2025-02-16 04:28:03
TTD84,51219,Grocery,Queeta,2,4104,0.07659698003621047,2024-08-29 15:05:51
TTD85,42735,book,Karachi,5,2345,0.23644731824745024,2025-04-09 08:35:46
TTD86,79957,Grocery,Islamabad,10,4536,0.21713677070536666,2024-01-04 01:53:43
TTD87,19187,Grocery,Karachi,17,3630,0.11669698990314509,2025-09-27 20:06:09
TTD88,58237,Grocery,Karachi,15,4560,0.10551623249802373,2025-02-11 00:21:27
TTD89,91363,book,Karachi,18,3912,0.026137217422031976,2025-07-25 08:29:04
TTD90,94382,clothing,Karachi,15,4504,0.2442313925117166,2025-08-20 18:49:19
TTD91,57604,book,Peshawar,14,832,0.2824417326682444,2024-12-05 21:48:51
TTD92,94850,book,Karachi,4,2188,0.01289129855927552,2025-12-06 09:48:39
TTD93,76559,Grocery,Queeta,5,4208,0.280062916458128,2024-11-05 14:05:52
TTD94,66855,clothing,Karachi,1,1599,0.2670291636308999,2025-02-09 07:57:26
TTD95,26585,sports,Queeta,18,3179,0.1828416211533356,2025-02-27 12:38:50
TTD96,73425,Electronics,Karachi,15,1709,0.0882676879197999,2024-02-05 16:46:09
TTD97,39678,book,Queeta,2,4746,0.03411842152637053,2025-11-08 20:42:00
TTD98,47681,clothing,Peshawar,15,1199,0.2829498128308869,2024-08-09 14:43:42
TTD99,74759,clothing,Islamabad,19,803,0.28948758239893485,2024-02-16 19:16:49
TTD100,95998,book,Lhore,3,3516,0.28792232387808764,2024-08-17 09:28:31
TTD101,49200,clothing,Peshawar,2,2149,0.2753473102220576,2025-02-14 12:51:35
TTD102,32821,sports,Peshawar,4,1627,0.16685652360729836,2024-10-08 17:15:36
TTD103,89948,book,Lhore,6,914,0.13697945501177614,2024-11-10 01:43:56
TTD104,67064,book,Peshawar,5,4166,0.26138294039325277,2025-02-25 15:17:11
TTD105,78810,sports,Peshawar,3,4290,0.045270619175767635,2024-07-31 18:25:14
TTD106,35095,book,Lhore,13,1111,0.07300830596226363,2025-03-15 01:11:49
TTD107,11863,Grocery,Islamabad,9,3276,0.2772798362453725,2025-03-17 07:43:43
TTD108,27596,clothing,Peshawar,2,2530,0.2434342883634563,2024-06-16 22:27:25
TTD109,39487,book,Faisabad,7,3835,0.04921982246444135,2025-04-03 18:53:37
TTD110,33614,clothing,Peshawar,5,1034,0.10037008028098639,2025-05-21 10:23:11
TTD111,74405,clothing,Queeta,16,1424,0.08718775417936893,2025-07-04 01:09:55
TTD112,13420,Grocery,Karachi,17,4136,0.05202402373066809,2024-03-02 18:25:21
TTD113,37431,Electronics,Queeta,2,1180,0.2569524244999,2025-08-16 20:47:04
TTD114,85328,book,Lhore,6,1753,0.11336064770988442,2025-01-22 12:29:00
TTD115,74849,Grocery,Karachi,1,613,0.10770952639807271,2024-03-01 15:11:35
TTD116,73575,clothing,Queeta,14,1117,0.01582710472008071,2024-05-12 15:47:04
TTD117,54204,Grocery,Peshawar,14,2808,0.005062860190971408,2024-09-30 01:29:59
TTD118,14427,Grocery,Faisabad,9,1974,0.006304378003765953,2025-09-06 11:51:22
TTD119,99857,Electronics,Islamabad,19,2321,0.04656879335484924,2024-05-21 03:52:02
TTD120,85435,Electronics,Lhore,10,1622,0.11856291292689253,2025-05-27 19:13:14
TTD121,47193,book,Lhore,11,1011,0.1909457342932322,2025-03-04 16:05:01
TTD122,98908,Electronics,Karachi,1,1760,0.14622423743195043,2025-01-03 20:44:25
TTD123,14786,Grocery,Lhore,7,1589,0.24911190035294145,2025-03-22 13:33:49
TTD124,99279,Electronics,Peshawar,3,302,0.22997929302784945,2024-09-10 05:53:18
TTD125,31534,Grocery,Lhore,11,4014,0.1912555458344553,2024-10-09 21:22:17
TTD126,47589,book,Peshawar,18,2224,0.10220002727526704,2025-12-14 10:55:55
TTD127,82691,Electronics,Queeta,1,2731,0.026172889456962244,2024-03-05 06:31:59
TTD128,92912,Grocery,Peshawar,1,599,0.036342299895875604,2024-12-17 18:01:28
TTD129,96567,sports,Lhore,4,1124,0.025699385664171924,2024-07-05 07:39:48
TTD130,47660,Grocery,Peshawar,18,1738,0.2104282485730216,2024-03-22 11:52:00
TTD131,89702,clothing,Peshawar,8,4695,0.0424218898729745,2024-10-07 08:29:24
TTD132,15876,clothing,Karachi,2,1637,0.13768190321774326,2025-05-19 02:54:39
TTD133,16723,Grocery,Islamabad,5,3891,0.09682359044286327,2024-08-27 17:58:32
TTD134,35185,book,Peshawar,12,3615,0.1550437790311335,2024-11-27 00:23:58
TTD135,12915,Grocery,Queeta,11,148,0.06403708826195689,2025-05-31 00:48:34
TTD136,23308,Grocery,Queeta,14,4335,0.1734669780022037,2025-09-10 17:41:43
TTD137,69803,Electronics,Islamabad,5,4081,0.1558028209659872,2025-11-20 03:24:54
TTD138,92183,sports,Queeta,9,3490,0.27495310729568767,2025-03-27 11:32:57
TTD139,21397,book,Islamabad,3,4840,0.051049500918513534,2024-06-23 00:22:28
TTD140,45444,clothing,Lhore,17,192,0.0037329640781876504,2025-02-26 23:27:06
TTD141,78303,sports,Karachi,13,4706,0.1767397587743434,2024-02-28 09:10:13
TTD142,62268,Electronics,Queeta,17,3144,0.2381670952122691,2025-09-20 15:37:57
TTD143,62110,sports,Islamabad,2,709,0.09245683007332392,2024-08-05 15:00:16
TTD144,80913,Electronics,Lhore,8,1649,0.19724245271012425,2025-02-17 19:57:44
TTD145,98298,clothing,Peshawar,1,175,0.26767821152247845,2025-08-28 11:17:04
TTD146,78743,book,Peshawar,12,3263,0.20922490453703813,2025-03-12 10:53:33
TTD147,65834,Electronics,Lhore,8,3111,0.24775349561683407,2025-08-22 14:07:49
TTD148,98552,Electronics,Lhore,12,4164,0.19360451176834478,2025-04-22 20:39:20
TTD149,99328,Electronics,Peshawar,16,111,0.212734685861648,2025-11-27 13:42:44
TTD150,95984,Grocery,Islamabad,6,892,0.05428873556308917,2024-12-02 06:11:25
TTD151,45744,Electronics,Karachi,17,3927,0.2076798016714869,2024-08-05 17:05:48
TTD152,11943,clothing,Faisabad,17,4940,0.24871723657257774,2025-05-19 16:18:07
TTD153,35861,sports,Queeta,4,4350,0.08770360713302634,2024-08-01 03:46:36
TTD154,85627,Grocery,Islamabad,6,2380,0.07377602170474201,2025-12-09 15:11:30
TTD155,31049,Electronics,Karachi,14,2498,0.22080808636867416,2025-06-22 10:45:23
TTD156,74288,clothing,Islamabad,18,3527,0.20953555858746423,2024-07-04 01:11:04
TTD157,83919,Electronics,Peshawar,16,3229,0.0637214995773476,2024-11-18 14:48:55
TTD158,28013,clothing,Lhore,12,3718,0.11394097893894645,2025-10-13 17:31:39
TTD159,54007,Electronics,Karachi,17,137,0.13343123492165648,2025-12-27 00:40:02
TTD160,78082,Grocery,Karachi,8,2259,0.10340582236095959,2024-03-23 23:36:54
TTD161,17083,book,Lhore,12,1578,0.024635493308221023,2024-09-23 03:11:59
TTD162,15133,Electronics,Karachi,12,2185,0.19343025765685398,2024-09-23 11:44:32
TTD163,56295,book,Islamabad,18,2670,0.1700959323142685,2024-04-20 21:25:26
TTD164,17286,clothing,Karachi,14,4471,0.10525932188685945,2024-02-03 00:14:45
TTD165,13266,Electronics,Faisabad,10,2311,0.10095477365395579,2025-06-12 03:14:00
TTD166,42031,Electronics,Queeta,11,1075,0.07144449883667837,2024-08-17 06:07:43
TTD167,60521,Grocery,Queeta,8,3245,0.20359897052727713,2025-12-15 03:36:14
TTD168,60986,book,Lhore,11,4572,0.1884869958999028,2024-07-02 19:41:07
TTD169,77608,sports,Lhore,2,3678,0.04534768458148778,2025-01-09 16:54:44
TTD170,96339,sports,Islamabad,5,4784,0.22368435060792313,2024-07-19 18:13:22
TTD171,75835,Electronics,Lhore,4,4128,0.0870760698669527,2024-11-13 01:16:13
TTD172,94682,clothing,Islamabad,14,1298,0.25712080487702277,2025-11-07 18:43:55
TTD173,84048,Grocery,Islamabad,11,4774,0.11214196786688709,2025-11-28 18:00:22
TTD174,24034,clothing,Karachi,2,735,0.07497082352454189,2025-05-14 07:39:10
TTD175,20634,Grocery,Islamabad,19,4613,0.17100609481332457,2024-12-24 06:31:00
TTD176,21353,book,Faisabad,3,4710,0.07049877602170461,2024-09-08 20:06:23
TTD177,86243,Electronics,Lhore,1,4943,0.049172427838871956,2025-10-19 11:15:05
TTD178,38567,Grocery,Peshawar,5,3108,0.29522205616768343,2025-07-16 10:58:35
TTD179,52637,Electronics,Peshawar,9,577,0.018328944114793442,2024-09-22 08:03:12
TTD180,58970,book,Lhore,1,1444,0.23189262808786953,2025-11-12 11:05:18
TTD181,47709,Grocery,Lhore,5,2077,0.2724720789492677,2025-09-10 08:46:19
TTD182,86372,sports,Faisabad,11,3441,0.19753262219638262,2025-12-12 04:15:56
TTD183,87364,book,Faisabad,10,1775,0.07677347845175493,2025-10-17 02:31:18
TTD184,60541,book,Karachi,1,1335,0.19033183092890962,2025-11-07 04:48:08
TTD185,38388,book,Faisabad,14,1479,0.058018317248240865,2025-04-29 09:15:32
TTD186,50545,clothing,Queeta,8,4626,0.12884591580130156,2024-08-21 13:01:46
TTD187,29074,book,Peshawar,9,3203,0.02965065013434589,2025-04-29 14:42:09
TTD188,59765,clothing,Lhore,2,4498,0.12395353204772926,2024-11-15 09:50:08
TTD189,89996,Grocery,Faisabad,10,1486,0.29914650901011847,2025-04-29 03:34:26
TTD190,48199,book,Islamabad,9,1251,0.12890195164087023,2024-09-25 08:19:32
TTD191,14122,Grocery,Queeta,11,2134,0.17960612484895186,2025-04-06 15:45:54
TTD192,14407,clothing,Islamabad,10,4362,0.17510476955175014,2024-08-04 17:27:23
TTD193,51087,sports,Peshawar,16,2453,0.01426484346827701,2024-09-28 02:51:13
TTD194,17438,sports,Queeta,12,4817,0.07360793239865589,2025-03-09 15:35:42
TTD195,35517,book,Karachi,6,1253,0.2204676761161877,2024-09-19 12:57:48
TTD196,18911,Grocery,Faisabad,5,1745,0.11980243067253397,2024-01-28 00:20:55
TTD197,16962,Electronics,Lhore,13,2620,0.2894969996296601,2024-03-25 08:13:41
TTD198,41801,book,Queeta,9,2179,0.14987447612417218,2024-02-05 12:30:18
TTD199,65530,sports,Faisabad,3,1545,0.19599778571956708,2025-08-31 05:39:19
TTD200,38340,book,Peshawar,13,1494,0.21543173835843124,2024-06-25 14:24:46
TTD201,31380,clothing,Faisabad,17,3362,0.1291090806512907,2025-07-19 17:13:35
TTD202,58039,clothing,Islamabad,5,3095,0.24967145917277728,2024-04-04 00:01:50
TTD203,44082,sports,Lhore,7,772,0.26080657232660787,2025-08-03 12:47:00
TTD204,71172,Grocery,Lhore,10,1658,0.19093012892835215,2025-12-07 17:14:51
TTD205,96671,Grocery,Lhore,9,2892,0.2058315955195603,2025-08-31 02:56:49
TTD206,60785,sports,Peshawar,8,55,0.017207890151038494,2024-12-29 11:35:26
TTD207,36193,clothing,Karachi,11,3543,0.18429317233707362,2024-01-02 23:10:24
TTD208,58657,clothing,Queeta,17,482,0.2024319705948287,2024-01-25 02:00:47
TTD209,30883,Electronics,Islamabad,5,4132,0.010831828854798808,2024-09-04 16:39:01
TTD210,60323,clothing,Faisabad,10,1963,0.16920594122237997,2024-05-30 01:19:57
TTD211,73292,sports,Karachi,16,327,0.10119475349237866,2025-10-14 06:12:45
TTD212,13466,sports,Faisabad,4,624,0.18300613200499513,2024-07-29 21:32:22
TTD213,38762,book,Queeta,16,2860,0.13745407228928172,2024-02-21 03:39:28
TTD214,23894,Electronics,Lhore,13,4444,0.25839172865159266,2024-09-20 08:36:07
TTD215,34882,sports,Queeta,4,2901,0.04340489789780292,2025-05-17 00:50:32
TTD216,88877,sports,Faisabad,10,671,0.13864285790478706,2024-01-17 22:02:28
TTD217,46839,sports,Islamabad,14,365,0.10093800330503461,2024-02-21 16:21:20
TTD218,67900,Electronics,Peshawar,5,3269,0.22996036553102361,2025-04-24 04:52:01
TTD219,31703,sports,Karachi,9,4013,0.08800353306770829,2025-02-26 05:35:05
TTD220,65600,sports,Peshawar,3,150,0.20575574777476288,2024-02-20 00:45:06
TTD221,60352,Grocery,Faisabad,10,4272,0.25491038476398,2024-02-05 17:01:02
TTD222,16502,book,Karachi,17,1730,0.03919026658875215,2024-07-24 13:45:23
TTD223,49964,sports,Karachi,13,2675,0.037031604987087685,2025-12-29 17:16:59
TTD224,68757,clothing,Queeta,1,4956,0.2631810047996419,2024-03-07 17:40:42
TTD225,51574,clothing,Faisabad,18,3804,0.11444231935893286,2024-05-08 05:53:25
TTD226,70279,Grocery,Islamabad,12,1019,0.24000323006467247,2025-10-22 21:49:18
TTD227,36769,sports,Islamabad,8,948,0.06934568959962166,2024-10-21 08:58:55
TTD228,52618,sports,Karachi,4,3561,0.24114651609372967,2024-11-09 11:28:48
TTD229,93828,book,Peshawar,9,2912,0.06582970685016773,2025-09-28 19:23:04
TTD230,15590,sports,Peshawar,17,2356,0.21880752259057704,2024-06-03 07:40:42
TTD231,75731,Grocery,Queeta,3,4527,0.13312221258600795,2025-09-22 19:40:23
TTD232,12141,book,Islamabad,4,231,0.26364251268844263,2025-04-04 05:27:31
TTD233,53046,book,Lhore,7,1515,0.23823059690108336,2024-11-17 21:44:28
TTD234,87092,Grocery,Queeta,9,4111,0.05460804357106765,2025-04-30 02:49:27
TTD235,51586,Electronics,Karachi,3,4737,0.0030075174143486816,2024-07-08 04:00:06
TTD236,33143,Electronics,Karachi,11,2652,0.28699025581065196,2024-08-22 23:30:46
TTD237,84075,sports,Peshawar,9,3374,0.093330116951875,2024-09-12 12:40:12
TTD238,46020,Electronics,Islamabad,10,3932,0.07190851921985954,2024-05-22 01:03:26
TTD239,96981,clothing,Peshawar,1,3675,0.0840036526004242,2025-07-06 05:49:50
TTD240,79984,Electronics,Islamabad,4,1197,0.07307979540512494,2024-02-25 14:39:03
TTD241,45944,Electronics,Faisabad,3,838,0.05294115165997698,2024-10-20 06:04:12
TTD242,72434,book,Lhore,14,4616,0.0890243578230421,2024-06-16 07:22:20
TTD243,11003,clothing,Peshawar,3,1669,0.005383909746673121,2024-05-26 12:34:55
TTD244,79082,book,Karachi,14,3027,0.12188170020770306,2024-07-23 20:33:54
TTD245,84418,Electronics,Peshawar,18,2040,0.23069743797214964,2024-01-08 17:57:48
TTD246,30054,Grocery,Islamabad,7,4580,0.10252250926191088,2025-03-29 02:21:22
TTD247,46091,book,Peshawar,15,4757,0.2060111894212137,2024-08-15 16:08:37
TTD248,54461,Grocery,Peshawar,7,2863,0.016407198947056466,2025-08-21 02:20:38
TTD249,18887,Grocery,Queeta,2,548,0.2894205369802022,2025-07-22 15:35:12
TTD250,11805,clothing,Queeta,10,3855,0.0682405785697736,2025-11-17 15:05:01
TTD251,67337,Electronics,Islamabad,6,3874,0.2869211150843828,2025-04-29 05:32:34
TTD252,21154,Electronics,Lhore,11,1530,0.18197153872135627,2024-09-03 09:12:17
TTD253,61318,clothing,Peshawar,15,3580,0.17447438883692284,2024-02-08 01:04:07
TTD254,49664,book,Karachi,13,4043,0.22462209874067585,2025-11-16 12:44:56
TTD255,17665,Grocery,Queeta,1,775,0.08792887011733387,2025-10-01 12:23:09
TTD256,79615,Electronics,Peshawar,11,3389,0.018265058699795243,2024-03-21 10:25:45
TTD257,11224,Grocery,Queeta,16,703,0.011234919581810254,2025-06-01 13:27:22
TTD258,48006,clothing,Islamabad,8,547,0.16561560663330735,2025-05-26 13:02:02
TTD259,12178,Electronics,Peshawar,1,580,0.22121878241246584,2024-10-15 15:44:00
TTD260,28874,sports,Queeta,17,1846,0.25813730066380647,2024-03-25 18:33:23
TTD261,11667,book,Islamabad,16,3187,0.024639742613982683,2024-07-10 08:18:43
TTD262,81422,sports,Islamabad,7,1944,0.11341217972813449,2024-07-18 03:59:45
TTD263,70849,sports,Lhore,13,3150,0.1316945017117761,2025-08-31 09:38:45
TTD264,34936,clothing,Faisabad,9,2570,0.05503780015721416,2024-05-25 12:18:04
TTD265,52000,book,Peshawar,4,311,0.02240724117901154,2025-03-24 12:02:15
TTD266,98295,sports,Faisabad,14,1832,0.07869645277448827,2025-08-14 03:55:12
TTD267,56367,sports,Peshawar,18,3415,0.09632817682225134,2025-02-06 11:35:20
TTD268,37531,Electronics,Karachi,18,3903,0.22406336318202383,2024-12-26 14:13:13
TTD269,27702,sports,Queeta,3,4736,0.13309495166072927,2025-02-16 22:34:01
TTD270,27538,clothing,Lhore,19,3922,0.003206783613671438,2024-12-28 16:18:56
TTD271,70477,Grocery,Islamabad,15,4093,0.2514386237465583,2024-02-12 00:52:26
TTD272,44773,Electronics,Faisabad,10,3220,0.14286326987809708,2025-02-20 00:25:40
TTD273,84166,sports,Islamabad,13,2990,0.047421083830222206,2025-11-09 21:10:38
TTD274,67971,Grocery,Faisabad,7,2530,0.08396572176093356,2024-05-01 17:45:06
TTD275,58655,book,Lhore,4,1083,0.27806458768633346,2024-01-21 06:04:40
TTD276,50722,book,Peshawar,19,3806,0.21950393167866925,2024-08-04 10:32:35
TTD277,62795,clothing,Queeta,6,4808,0.17271362969706666,2024-02-09 01:24:08
TTD278,64666,Electronics,Karachi,11,4495,0.20989313986927605,2024-05-21 23:25:51
TTD279,99826,book,Karachi,9,1021,0.24608334526500084,2025-06-18 01:27:05
TTD280,86693,sports,Karachi,7,4961,0.1598724821644991,2024-07-12 02:58:55
TTD281,73763,sports,Peshawar,3,3069,0.15542615830314976,2025-03-24 10:17:27
TTD282,82533,sports,Karachi,8,575,0.20331515150275672,2025-05-14 01:22:19
TTD283,89517,Grocery,Peshawar,1,3917,0.05403311128832775,2024-01-04 08:19:35
TTD284,59845,Grocery,Faisabad,9,691,0.13907766125198348,2025-07-12 14:12:39
TTD285,68559,clothing,Queeta,3,4298,0.2148709296302756,2025-08-29 17:23:40
TTD286,13463,book,Queeta,10,2376,0.28683708198478564,2024-01-13 12:11:49
TTD287,89642,book,Faisabad,18,3300,0.2850375356055336,2024-09-05 20:34:03
TTD288,77935,clothing,Faisabad,4,2950,0.052377130375445544,2025-08-05 08:03:13
TTD289,59045,sports,Lhore,1,1504,0.10458419652648365,2025-12-06 07:13:27
TTD290,21722,Grocery,Karachi,2,4780,0.04131298360746497,2025-06-11 04:08:46
TTD291,22327,clothing,Peshawar,16,2705,0.018790330152000535,2024-02-04 03:11:08
TTD292,43458,Grocery,Lhore,11,1115,0.28147304093743036,2024-06-02 12:48:49
TTD293,36843,Grocery,Peshawar,7,2352,0.021634045256609235,2024-09-26 02:44:04
TTD294,55159,Grocery,Peshawar,9,1840,0.28155995527558797,2024-02-19 20:21:30
TTD295,62503,book,Lhore,18,150,0.1261080667799401,2025-03-24 08:24:21
TTD296,53982,sports,Peshawar,8,2399,0.29844439773474296,2025-05-03 16:01:43
TTD297,10345,Electronics,Karachi,17,1128,0.06071577953866279,2024-11-25 17:33:11
TTD298,41959,Grocery,Faisabad,19,4638,0.009733541045302307,2024-10-26 06:01:10
TTD299,49632,clothing,Karachi,18,1263,0.06593833178821329,2025-01-17 01:08:16
TTD300,26330,Grocery,Karachi,14,528,0.17306200886728892,2025-08-28 18:19:08
TTD301,77630,clothing,Faisabad,7,4703,0.26545061561616756,2024-03-16 20:19:33
TTD302,89718,Grocery,Peshawar,7,2276,0.0032949410038790815,2024-06-03 04:26:55
TTD303,99409,sports,Queeta,18,2926,0.05169968230972381,2024-04-24 17:29:03
TTD304,43626,Electronics,Lhore,15,3760,0.07643328444249799,2025-02-26 02:33:34
TTD305,42381,clothing,Karachi,11,1018,0.25590973561654523,2025-05-31 17:59:57
TTD306,34607,book,Peshawar,5,4022,0.12019590020319004,2025-05-26 06:31:33
TTD307,43982,book,Lhore,18,1216,0.1803236073245106,2025-05-20 00:58:51
TTD308,29427,Grocery,Karachi,12,2713,0.12136709302299308,2025-04-05 07:41:35
TTD309,77188,book,Peshawar,3,3984,0.19870069182170894,2024-12-15 06:06:58
TTD310,80152,sports,Peshawar,13,4283,0.09606925371920008,2024-08-28 20:48:14
TTD311,20479,Grocery,Queeta,19,2973,0.27362098487926273,2025-08-18 15:50:00
TTD312,52572,sports,Karachi,2,4047,0.2916827413124815,2025-07-31 21:20:17
TTD313,41265,Electronics,Faisabad,3,4211,0.11514193185232108,2025-02-05 20:33:43
TTD314,90081,sports,Karachi,7,1070,0.11456018337446955,2024-11-17 13:37:06
TTD315,37764,book,Peshawar,3,3623,0.28107413453959196,2024-05-15 08:09:41
TTD316,51249,Grocery,Queeta,13,764,0.05554233740788882,2025-06-24 08:39:53
TTD317,65154,book,Queeta,18,4749,0.19380103536331644,2024-03-22 12:18:31
TTD318,62274,Grocery,Karachi,14,3931,0.1180375787418612,2025-05-14 11:24:58
TTD319,98510,sports,Peshawar,14,2825,0.2711900645494677,2025-08-24 15:07:45
TTD320,76710,clothing,Queeta,19,527,0.05173810677259442,2025-04-22 10:04:15
TTD321,17990,Electronics,Islamabad,16,4260,0.1269220649116716,2024-09-07 02:07:32
TTD322,34932,clothing,Queeta,8,160,0.2720982692994998,2025-07-08 12:30:44
TTD323,34191,sports,Islamabad,6,1937,0.0820633588828922,2025-12-09 01:55:10
TTD324,31162,Grocery,Karachi,5,4032,0.16433670623751043,2025-02-06 13:26:17
TTD325,70764,clothing,Queeta,6,954,0.21767600628167824,2025-07-23 19:18:25
TTD326,64540,Grocery,Queeta,12,2111,0.24808664495999377,2025-07-23 14:57:52
TTD327,26198,book,Lhore,14,1761,0.21975480544825865,2024-07-07 12:29:33
TTD328,75204,Electronics,Faisabad,7,1083,0.2100808009964276,2025-08-13 10:59:27
TTD329,66819,Electronics,Queeta,13,2802,0.1786009476467317,2025-07-09 23:52:45
TTD330,68640,clothing,Islamabad,12,3410,0.015072515801678853,2025-07-29 05:47:10
TTD331,54114,clothing,Islamabad,7,610,0.1669901040398418,2024-02-02 16:02:50
TTD332,49400,clothing,Islamabad,12,2698,0.16513614548404046,2024-11-20 01:24:55
TTD333,37426,Electronics,Faisabad,13,2332,0.28425258472931725,2025-02-19 11:09:28
TTD334,43811,clothing,Peshawar,14,938,0.07556522817174972,2025-02-15 22:28:05
TTD335,53571,clothing,Peshawar,15,1961,0.268650169727133,2025-04-24 00:10:32
TTD336,34002,Electronics,Lhore,8,3190,0.17819970090383241,2025-09-21 23:36:28
TTD337,10449,Grocery,Peshawar,8,3129,0.20329183636584994,2024-02-14 05:53:08
TTD338,20465,Electronics,Karachi,2,3082,0.13644158458222075,2025-10-24 12:02:13
TTD339,35700,Electronics,Faisabad,15,3103,0.03364975638591825,2024-07-14 21:13:43
TTD340,42727,clothing,Faisabad,9,1729,0.10383186517666183,2025-08-17 09:25:42
TTD341,21736,clothing,Karachi,19,2102,0.046073767102319974,2024-01-15 02:33:20
TTD342,35442,Grocery,Lhore,9,1531,0.16954965500482808,2024-03-23 13:46:48
TTD343,78625,clothing,Karachi,14,3740,0.258558821491427,2024-08-30 09:25:20
TTD344,42760,sports,Lhore,11,1218,0.10596776394572884,2025-02-06 12:24:29
TTD345,12640,clothing,Peshawar,11,4724,0.02731731352800316,2025-07-22 20:26:41
TTD346,31345,Grocery,Islamabad,4,2096,0.16053318661221316,2024-10-25 13:08:57
TTD347,10652,Grocery,Faisabad,8,4628,0.263790038411246,2025-12-25 07:02:39
TTD348,42177,sports,Karachi,16,2018,0.08695510114190266,2024-07-02 06:11:53
TTD349,61409,book,Islamabad,6,4210,0.23141609276843617,2025-06-11 06:52:38
TTD350,93026,book,Peshawar,7,3270,0.006873251050876183,2025-06-25 03:02:34
TTD351,43301,Electronics,Peshawar,9,4875,0.23098615270237638,2024-02-04 02:15:44
TTD352,52524,sports,Islamabad,19,1741,0.11143170792620995,2024-05-11 22:00:41
TTD353,29887,Electronics,Faisabad,12,2681,0.20171200913510565,2024-04-18 10:05:14
TTD354,36112,sports,Peshawar,7,3545,0.2544215060030881,2024-12-25 00:26:14
TTD355,44882,Grocery,Queeta,3,3874,0.17537851015416275,2024-12-14 11:11:25
TTD356,86862,Electronics,Lhore,8,985,0.15186872165452342,2024-01-03 19:07:50
TTD357,49043,Grocery,Lhore,6,4771,0.026725125767733882,2025-01-12 16:02:30
TTD358,26393,book,Islamabad,16,3392,0.12524483871136843,2025-03-08 15:31:08
TTD359,23525,Grocery,Peshawar,13,664,0.0021853765226729324,2024-09-11 01:44:13
TTD360,73477,clothing,Faisabad,10,2807,0.021543564152937778,2024-05-07 07:55:13
TTD361,85228,book,Faisabad,7,4569,0.13925317207198695,2025-11-26 17:57:18
TTD362,34739,clothing,Islamabad,6,1353,0.22975456495817503,2025-10-17 06:22:00
TTD363,98641,Electronics,Lhore,14,1011,0.1891686436193438,2025-11-21 19:54:17
TTD364,87254,book,Karachi,5,3079,0.055866436218345125,2024-10-21 11:49:18
TTD365,52365,Electronics,Faisabad,2,174,0.08778064098612028,2025-10-04 00:20:05
TTD366,93687,sports,Peshawar,5,1901,0.2468717981797552,2025-03-27 16:59:14
TTD367,30037,book,Queeta,11,4806,0.12536406721059115,2024-03-20 15:51:05
TTD368,57541,Grocery,Faisabad,15,3767,0.1832544594952069,2025-08-18 16:42:19
TTD369,57053,clothing,Peshawar,12,1848,0.02981516982279617,2024-06-06 10:52:49
TTD370,23810,book,Faisabad,14,3642,0.04989979772520938,2024-04-25 00:09:19
TTD371,11777,sports,Queeta,16,201,0.07022731637449377,2025-07-21 09:26:48
TTD372,87733,clothing,Queeta,14,153,0.29922679705512606,2024-07-13 17:20:10
TTD373,14299,book,Islamabad,7,79,0.2380510005673425,2024-01-26 21:00:31
TTD374,56666,Grocery,Islamabad,4,2754,0.11696527320144817,2025-11-16 08:39:53
TTD375,83258,Grocery,Karachi,11,234,0.19101338146671756,2025-09-10 18:56:06
TTD376,51078,sports,Islamabad,6,219,0.21942138095113728,2024-04-16 10:48:42
TTD377,34862,sports,Lhore,14,3679,0.19538987105157696,2025-10-22 19:41:55
TTD378,21710,clothing,Karachi,12,3116,0.19096341255933627,2025-09-17 00:09:24
TTD379,50350,book,Faisabad,16,4741,0.08766813740769365,2025-05-27 10:23:53
TTD380,86724,Electronics,Faisabad,1,2591,0.12242668093954992,2025-12-06 11:06:47
TTD381,93945,Grocery,Queeta,1,1681,0.05552312240425137,2024-07-02 05:13:35
TTD382,34038,sports,Islamabad,5,4437,0.06344761166227468,2025-08-16 22:09:01
TTD383,28794,clothing,Queeta,9,3926,0.22627836868757184,2024-09-14 07:47:25
TTD384,63295,Grocery,Peshawar,4,2919,0.03071980045600925,2025-12-14 03:23:20
TTD385,94814,book,Karachi,2,3203,0.19975953028427862,2025-03-12 04:15:04
TTD386,54609,Grocery,Lhore,13,2873,0.18550358101211079,2024-01-13 21:50:17
TTD387,48922,sports,Faisabad,7,3017,0.0128371108047987,2025-02-22 12:01:35
TTD388,84398,Grocery,Faisabad,9,185,0.11593871251906888,2024-03-21 16:25:21
TTD389,83525,Electronics,Peshawar,9,2132,0.08966224787014404,2024-07-19 16:52:00
TTD390,56789,Grocery,Lhore,12,2362,0.019357998403395037,2025-07-23 21:16:26
TTD391,98171,Electronics,Lhore,12,4885,0.23469323814847318,2024-08-07 15:55:42
TTD392,11636,clothing,Queeta,5,1185,0.039010565219600286,2024-04-25 06:54:31
TTD393,67660,Grocery,Islamabad,9,3401,0.1471860446016625,2025-12-11 09:39:05
TTD394,71479,Grocery,Karachi,7,1444,0.051776392569007,2024-08-13 08:21:30
TTD395,20128,Grocery,Karachi,3,851,0.29477802975407685,2024-04-19 23:01:19
TTD396,15084,sports,Karachi,15,3171,0.05766817244677858,2025-04-28 15:38:02
TTD397,46509,sports,Faisabad,15,4824,0.05180603031475384,2024-10-19 11:28:58
TTD398,29818,sports,Queeta,9,4320,0.12885452169084244,2025-06-20 21:07:08
TTD399,43084,Grocery,Faisabad,2,233,0.26532737080087904,2024-10-02 21:36:00
TTD400,14217,book,Peshawar,19,3136,0.1483278524239033,2025-06-02 00:30:48
TTD401,68937,book,Faisabad,19,1938,0.1742179099190092,2025-04-04 23:31:20
TTD402,64402,Electronics,Karachi,3,1061,0.06204878361080835,2024-10-15 08:16:04
TTD403,18710,Electronics,Peshawar,8,4442,0.2583650803045533,2024-02-19 10:21:26
TTD404,19951,sports,Islamabad,6,520,0.04897614958536044,2024-12-18 20:54:54
TTD405,51198,Grocery,Queeta,14,4250,0.020169411581880115,2025-10-21 04:57:29
TTD406,50824,book,Peshawar,6,4803,0.23731363590489749,2024-07-24 20:44:30
TTD407,92257,Grocery,Peshawar,13,4919,0.062046728264728054,2025-07-13 21:30:05
TTD408,47149,clothing,Lhore,1,4403,0.0683405323109232,2025-06-07 14:02:39
TTD409,71600,Electronics,Lhore,14,597,0.2166972070446168,2024-04-05 22:12:51
TTD410,66083,clothing,Islamabad,16,3454,0.18171387304807854,2024-08-28 00:29:34
TTD411,65559,book,Faisabad,1,272,0.00631646696645225,2024-08-27 22:34:49
TTD412,93988,Grocery,Peshawar,5,997,0.2547286781519925,2025-09-17 12:34:13
TTD413,75511,Grocery,Islamabad,6,3325,0.10143105864881409,2024-10-31 13:00:05
TTD414,38720,sports,Queeta,10,570,0.05908196990245068,2025-04-22 23:32:56
TTD415,34729,Electronics,Karachi,17,1712,0.03320190939348626,2024-03-12 03:22:39
TTD416,59148,clothing,Faisabad,6,4938,0.14720614769268742,2024-06-15 15:15:30
TTD417,80108,clothing,Faisabad,5,2685,0.1994878960722723,2024-09-26 01:32:41
TTD418,32991,Grocery,Faisabad,2,3775,0.2951565093818632,2024-01-09 22:19:40
TTD419,17203,sports,Faisabad,8,2895,0.09216852495274676,2024-01-01 22:36:49
TTD420,36557,book,Faisabad,18,3332,0.08543451931554061,2025-10-15 06:58:19
TTD421,30001,sports,Karachi,5,3022,0.080562468750298,2025-04-25 07:30:27
TTD422,35966,Grocery,Karachi,8,4923,0.19214546196370055,2024-05-25 10:16:05
TTD423,67791,sports,Faisabad,15,3922,0.036197842453022065,2024-12-22 11:32:05
TTD424,23888,Electronics,Islamabad,19,4085,0.011746731935460119,2024-05-31 13:42:44
TTD425,93851,clothing,Lhore,19,1824,0.11685235223006778,2025-12-23 01:49:02
TTD426,95474,sports,Queeta,10,4434,0.21139261961305084,2024-04-16 13:03:48
TTD427,12055,clothing,Faisabad,5,1856,0.07514176388503259,2025-01-31 20:14:29
TTD428,96331,Electronics,Faisabad,7,2382,0.06344985768512075,2024-05-19 13:50:22
TTD429,52558,book,Karachi,9,1129,0.13142517770997014,2025-05-24 04:47:10
TTD430,31258,Grocery,Faisabad,1,3945,0.013304859726173412,2025-08-24 03:25:42
TTD431,70119,Grocery,Faisabad,2,1607,0.09150999272202852,2024-01-10 20:11:40
TTD432,13738,sports,Karachi,16,1310,0.030090287843958917,2025-01-13 21:14:12
TTD433,69440,Electronics,Lhore,13,1963,0.03550777378321773,2025-04-29 11:07:56
TTD434,33165,book,Faisabad,6,2571,0.12092973723326952,2025-08-23 04:12:06
TTD435,58685,clothing,Peshawar,9,2852,0.27015218119109113,2025-04-18 21:11:33
TTD436,67066,sports,Queeta,2,1229,0.20920683376170432,2025-01-21 03:49:44
TTD437,93995,clothing,Faisabad,7,4682,0.13916713107415749,2025-08-24 04:17:03
TTD438,44412,book,Islamabad,13,3626,0.22101371954784274,2025-11-03 22:21:31
TTD439,86257,Electronics,Peshawar,17,1127,0.15840344921309535,2024-04-06 06:17:17
TTD440,35625,sports,Karachi,18,1814,0.021899160805633953,2024-08-09 09:17:35
TTD441,52208,Electronics,Queeta,3,3866,0.29043832769692823,2024-03-15 03:54:38
TTD442,95429,book,Islamabad,17,88,0.23704276334732935,2024-04-20 19:57:46
TTD443,85424,Electronics,Lhore,13,79,0.14891703642320123,2024-01-24 01:42:46
TTD444,53205,clothing,Islamabad,3,391,0.04734756807075406,2025-06-23 21:45:01
TTD445,58697,sports,Queeta,14,3097,0.02316873999643383,2025-06-01 13:13:31
TTD446,70343,clothing,Peshawar,8,4605,0.20825051422431506,2024-07-02 17:55:03
TTD447,46078,sports,Lhore,9,877,0.06272034346069943,2025-05-31 13:40:44
TTD448,44038,sports,Karachi,2,671,0.025360501949509194,2024-07-08 08:25:12
TTD449,75126,sports,Faisabad,2,2593,0.2727643804746887,2024-05-17 23:26:13
TTD450,74663,clothing,Faisabad,5,4623,0.10370912566147648,2025-02-04 18:14:10
TTD451,67762,clothing,Karachi,2,4288,0.21040017311898013,2025-08-07 03:15:51
TTD452,21358,book,Lhore,19,2694,0.105537930684943,2025-03-03 10:23:36
TTD453,96332,Grocery,Lhore,10,4324,0.17420346366911887,2024-04-17 23:20:17
TTD454,81408,Grocery,Queeta,8,4520,0.019491119977668392,2025-06-22 16:57:13
TTD455,51494,Electronics,Faisabad,10,2599,0.10813966602733673,2025-08-05 17:12:58
TTD456,85857,Grocery,Islamabad,16,2314,0.08231198276900407,2024-08-11 07:34:07
TTD457,45344,Grocery,Karachi,19,1137,0.21967454791937902,2024-02-23 06:56:10
TTD458,82956,book,Islamabad,12,1042,0.233402281385894,2025-06-13 13:14:36
TTD459,50176,sports,Faisabad,4,819,0.19597113377207764,2024-07-15 05:57:33
TTD460,22319,Grocery,Queeta,5,2649,0.037957711418893925,2025-12-30 12:25:14
TTD461,59477,book,Islamabad,5,3507,0.11516091109275557,2024-04-18 23:54:31
TTD462,11457,book,Lhore,7,3477,0.13821138909572614,2025-10-24 03:08:09
TTD463,46937,sports,Peshawar,6,3288,0.29004346524800617,2024-10-22 15:54:02
TTD464,17484,book,Islamabad,6,4999,0.053212630325331876,2024-02-26 06:49:52
TTD465,73619,clothing,Islamabad,13,4515,0.2838287983735322,2025-08-19 20:44:16
TTD466,93049,clothing,Queeta,14,2064,0.030791111864880802,2025-11-27 07:11:52
TTD467,71391,Electronics,Faisabad,15,2031,0.21456583982703112,2024-10-19 06:27:26
TTD468,13183,clothing,Queeta,4,4738,0.157122700580432,2024-01-27 04:35:50
TTD469,37167,sports,Karachi,15,4604,0.017048065127611343,2025-11-04 01:45:52
TTD470,19774,Grocery,Peshawar,19,1793,0.17930109836492877,2025-11-10 18:43:38
TTD471,92421,book,Lhore,1,487,0.1235500551068004,2024-05-26 19:35:04
TTD472,48813,book,Queeta,12,1635,0.2048075565988752,2025-04-11 05:16:37
TTD473,67187,sports,Karachi,10,1197,0.1790739560101629,2024-01-31 09:10:30
TTD474,58246,sports,Islamabad,15,3154,0.1403384339124115,2025-10-06 15:40:04
TTD475,32841,clothing,Faisabad,9,3261,0.18992091603178632,2024-08-24 01:13:01
TTD476,11939,Electronics,Queeta,2,354,0.25115345816288215,2025-09-09 17:04:41
TTD477,72521,book,Faisabad,14,2647,0.23494775702901008,2025-06-08 04:41:21
TTD478,14793,sports,Lhore,1,2135,0.09996220591321907,2025-09-29 18:04:02
TTD479,99693,book,Islamabad,2,54,0.13948555010923627,2024-12-05 00:04:40
TTD480,87039,sports,Karachi,11,2290,0.0330069432027943,2024-03-24 15:06:28
TTD481,10498,clothing,Faisabad,10,4007,0.1138670316743122,2025-12-06 22:18:19
TTD482,63345,Grocery,Queeta,11,2792,0.2872234658282115,2024-11-12 03:19:01
TTD483,68852,book,Islamabad,10,2579,0.21377473190174692,2024-08-05 18:13:02
TTD484,18142,Electronics,Karachi,1,1463,0.07533157987562705,2025-05-19 08:26:42
TTD485,94948,Electronics,Queeta,11,2232,0.09165025770620244,2024-05-06 13:43:06
TTD486,25238,clothing,Islamabad,3,3347,0.2210780583586014,2024-12-06 13:36:51
TTD487,48915,Electronics,Lhore,8,814,0.23460103365559312,2024-09-13 12:30:07
TTD488,91726,sports,Peshawar,11,2716,0.21015775136309178,2025-09-01 19:28:14
TTD489,93789,sports,Islamabad,14,2072,0.08401806551970854,2024-03-31 12:49:48
TTD490,46349,clothing,Islamabad,19,4587,0.17243397492855292,2024-11-15 15:01:46
TTD491,87650,Electronics,Queeta,15,2999,0.29212144082104036,2024-03-10 21:34:28
TTD492,35604,book,Lhore,15,2515,0.29553167512378975,2025-06-23 19:30:37
TTD493,63383,clothing,Queeta,19,4091,0.1314892230983878,2025-04-10 05:24:59
TTD494,91363,clothing,Faisabad,19,2605,0.0875854932932381,2024-08-20 12:43:47
TTD495,97476,sports,Islamabad,13,3023,0.11708938035705453,2024-01-29 18:31:22
TTD496,81083,Electronics,Queeta,17,1212,0.2901588034093642,2024-06-06 18:43:57
TTD497,14658,Grocery,Lhore,4,918,0.16959319257671923,2025-05-06 16:16:47
TTD498,82357,book,Lhore,15,3206,0.20055986675447382,2024-05-14 05:29:53
TTD499,47742,sports,Karachi,16,1975,0.20513393122324974,2024-12-31 08:48:44
TTD500,56940,book,Islamabad,6,1740,0.11172873364866961,2025-02-09 06:43:19
TTD501,15767,clothing,Faisabad,3,579,0.07644982534782231,2024-06-29 23:42:19
TTD502,27236,Electronics,Faisabad,12,1429,0.13711502154230315,2024-07-28 15:54:25
TTD503,36615,sports,Karachi,12,1224,0.20863356387586246,2024-08-03 09:26:15
TTD504,52719,book,Karachi,8,1809,0.25007409978538836,2025-12-16 13:12:49
TTD505,20986,sports,Peshawar,12,289,0.25008252006772713,2024-08-07 10:56:31
TTD506,90982,Electronics,Peshawar,16,1873,0.17304299753437655,2025-10-20 00:16:01
TTD507,37004,sports,Karachi,2,124,0.013114141138275614,2025-03-06 04:46:41
TTD508,72871,Electronics,Lhore,2,3618,0.11591270587644599,2025-10-02 20:49:42
TTD509,78404,sports,Queeta,2,1284,0.05293348073394494,2025-02-16 04:38:02
TTD510,95294,sports,Peshawar,14,2751,0.08563771048634783,2025-03-25 04:57:17
TTD511,55867,sports,Lhore,18,3294,0.25852379612921406,2024-09-20 23:02:33
TTD512,12574,Electronics,Faisabad,10,2448,0.21102718840530185,2024-04-06 08:28:28
TTD513,66202,sports,Lhore,10,203,0.2913602856005347,2025-12-15 02:29:45
TTD514,57049,Grocery,Peshawar,13,1094,0.0520660800946675,2024-04-19 17:15:14
TTD515,40057,sports,Peshawar,16,2127,0.2920575892118673,2025-07-11 06:47:54
TTD516,41461,Grocery,Karachi,18,2246,0.1937802144057129,2025-07-29 23:33:26
TTD517,62514,clothing,Queeta,19,3137,0.17551914280224054,2025-02-02 18:06:27
TTD518,45159,book,Lhore,8,4924,0.2112772490911706,2025-06-27 13:45:45
TTD519,40447,Grocery,Karachi,8,3090,0.06508652170660136,2024-08-08 11:56:41
TTD520,51952,clothing,Faisabad,16,2639,0.1485979729071339,2024-04-26 23:08:10
TTD521,87541,sports,Karachi,11,3112,0.10438660308845284,2025-08-05 06:56:37
TTD522,60189,book,Peshawar,5,4851,0.047726421972428275,2025-01-17 10:17:51
TTD523,38637,Grocery,Queeta,13,568,0.08294381797660023,2025-03-06 07:38:40
TTD524,95553,book,Peshawar,19,4887,0.13125459767187078,2024-04-28 11:37:54
TTD525,37590,Grocery,Faisabad,4,2059,0.23171423708747677,2024-09-30 18:05:58
TTD526,31331,Grocery,Peshawar,3,1185,0.03569270401614486,2025-04-03 07:53:40
TTD527,81916,sports,Peshawar,7,2603,0.2681836101152601,2024-11-08 21:41:46
TTD528,95322,Electronics,Karachi,18,4274,0.23031755485919614,2025-06-26 17:09:40
TTD529,71165,book,Islamabad,2,2482,0.23597723760682981,2025-01-02 15:58:39
TTD530,56716,sports,Peshawar,14,1396,0.19682667421947544,2024-05-29 20:14:22
TTD531,28949,Grocery,Peshawar,11,74,0.2367290621060602,2025-03-19 06:07:03
TTD532,84234,sports,Karachi,9,3482,0.07689060901137282,2024-07-14 08:27:40
TTD533,33104,sports,Islamabad,3,3015,0.16782599773728668,2024-07-27 14:42:25
TTD534,12785,sports,Karachi,1,672,0.12517791647548904,2025-12-10 02:23:07
TTD535,80386,Electronics,Lhore,6,3789,0.001234533406161098,2024-09-06 07:08:45
TTD536,32026,book,Faisabad,14,652,0.23180521740990284,2024-12-14 09:46:52
TTD537,79413,clothing,Faisabad,9,1530,0.25554548183671333,2024-12-17 02:08:35
TTD538,20798,sports,Islamabad,16,1827,0.1974520415914637,2025-10-23 14:22:25
TTD539,15488,clothing,Karachi,11,4898,0.14698162163906203,2024-08-15 01:46:29
TTD540,89846,book,Islamabad,18,2440,0.2726288704573955,2025-09-29 18:54:16
TTD541,30647,sports,Peshawar,15,3002,0.014818520167242765,2025-09-25 09:02:53
TTD542,57369,Electronics,Lhore,11,780,0.13052665812913153,2024-05-15 22:39:59
TTD543,76552,Electronics,Peshawar,18,3198,0.1437281239537818,2025-04-21 13:49:52
TTD544,25738,book,Peshawar,16,4059,0.23629746286843537,2024-06-04 02:25:56
TTD545,82222,clothing,Peshawar,6,2947,0.26938024400589966,2024-11-22 21:33:34
TTD546,63307,Electronics,Islamabad,3,2639,0.2536337850958849,2025-12-07 17:27:31
TTD547,69600,clothing,Peshawar,11,2979,0.05254615781562761,2024-10-21 01:53:39
TTD548,30994,book,Queeta,4,225,0.03656880219213001,2025-01-12 13:26:00
TTD549,75334,sports,Peshawar,12,1337,0.19245665710466248,2025-11-19 20:42:03
TTD550,36827,Grocery,Islamabad,5,4676,0.11926581604985104,2024-12-29 16:18:36
TTD551,24527,clothing,Islamabad,11,1801,0.01311337785255655,2025-02-19 00:12:25
TTD552,44883,Grocery,Islamabad,14,1009,0.2957407486712745,2024-06-23 23:16:11
TTD553,83588,clothing,Islamabad,9,1903,0.18061665221937798,2024-05-13 00:28:40
TTD554,52821,sports,Lhore,9,4239,0.11870502535228848,2024-01-17 09:43:18
TTD555,13609,sports,Queeta,6,1136,0.29567566148248153,2024-08-03 23:21:11
TTD556,10483,clothing,Faisabad,3,2388,0.27446647020658815,2024-03-23 05:25:16
TTD557,63327,book,Islamabad,13,552,0.09406600388730114,2025-10-31 06:08:17
TTD558,97133,Grocery,Lhore,13,2771,0.2544448554757203,2024-06-22 10:37:51
TTD559,52377,Grocery,Queeta,12,233,0.1544386498803815,2025-06-29 09:12:30
TTD560,69248,book,Karachi,15,2332,0.2274300211446339,2025-06-27 08:01:58
TTD561,24949,Grocery,Peshawar,6,2397,0.012263445115654937,2024-05-15 14:44:48
TTD562,77988,Grocery,Karachi,16,67,0.0537576355838545,2024-08-29 12:32:46
TTD563,15128,Grocery,Queeta,19,1382,0.039946658485607744,2025-06-03 18:59:28
TTD564,18166,Grocery,Karachi,5,789,0.23514626336146238,2025-06-30 13:33:43
TTD565,98157,clothing,Faisabad,14,3604,0.08885013181592728,2024-05-04 05:26:11
TTD566,91364,Electronics,Queeta,11,4202,0.19448257650597126,2024-07-14 03:51:53
TTD567,47560,sports,Peshawar,2,4022,0.204987814605742,2025-11-02 13:44:22
TTD568,80145,sports,Lhore,15,3058,0.14263323865622915,2025-04-04 16:52:10
TTD569,48192,Electronics,Faisabad,17,2123,0.11896474708664549,2024-01-08 11:07:46
TTD570,20559,clothing,Lhore,7,2666,0.17463524680371653,2024-01-17 06:38:31
TTD571,15938,sports,Islamabad,5,3460,0.2820552171578377,2024-06-24 11:55:33
TTD572,68323,sports,Lhore,14,4337,0.19022384250521007,2025-09-28 07:29:35
TTD573,65207,Electronics,Faisabad,13,888,0.019634830131223423,2024-03-08 15:42:28
TTD574,57827,Electronics,Lhore,14,4928,0.056114599900987626,2025-07-06 22:02:06
TTD575,22321,clothing,Karachi,6,1433,0.15801631211307224,2025-10-22 07:06:11
TTD576,76487,clothing,Queeta,14,341,0.2063267162670214,2024-05-10 17:08:09
TTD577,39400,clothing,Lhore,15,760,0.0905395036091703,2024-06-22 08:51:01
TTD578,70098,sports,Lhore,2,1134,0.08944447285985357,2024-12-24 14:46:31
TTD579,78389,Grocery,Faisabad,13,4979,0.1925787639436894,2025-11-21 02:11:03
TTD580,71760,sports,Faisabad,7,2534,0.1959179266711063,2025-03-23 07:32:50
TTD581,16889,clothing,Islamabad,18,3108,0.1566290927696776,2025-11-16 03:54:49
TTD582,53135,sports,Islamabad,13,3046,0.05591789506862716,2025-10-10 00:31:46
TTD583,19592,book,Islamabad,17,2483,0.12518283030589522,2025-11-23 11:07:51
TTD584,51293,sports,Queeta,5,4143,0.16992749844820115,2024-10-25 05:05:46
TTD585,98458,Grocery,Karachi,18,4815,0.1151316739026824,2025-09-16 10:44:33
TTD586,74124,Electronics,Queeta,19,762,0.25997643314736457,2025-03-30 08:51:32
TTD587,26891,book,Karachi,8,4833,0.2894668401675981,2025-06-19 17:28:44
TTD588,48379,Grocery,Lhore,3,4838,0.039329875078588414,2024-04-03 20:03:16
TTD589,76702,sports,Karachi,8,1152,0.23824737236548715,2025-08-16 21:56:52
TTD590,96356,Grocery,Islamabad,5,3631,0.13524176900593632,2025-12-05 11:23:37
TTD591,99025,Grocery,Queeta,6,2437,0.1817487976541473,2024-09-08 23:02:30
TTD592,80066,Grocery,Queeta,15,3407,0.22087803947904797,2025-12-10 19:36:38
TTD593,40375,Grocery,Karachi,6,3901,0.12567341868885196,2024-05-06 20:01:33
TTD594,44451,sports,Lhore,5,3718,0.07053350368606454,2024-11-14 04:32:43
TTD595,10896,Electronics,Queeta,9,4258,0.2537292641491393,2024-10-04 16:21:20
TTD596,85956,Electronics,Queeta,2,412,0.06415377158581965,2025-05-05 14:24:20
TTD597,78728,sports,Karachi,6,4102,0.29575320717355513,2024-01-14 23:14:57
TTD598,34202,Grocery,Karachi,9,4387,0.2746039944871929,2025-10-30 10:32:19
TTD599,83780,book,Karachi,6,1054,0.03310910699218356,2024-01-16 21:14:33
TTD600,74960,book,Faisabad,9,4286,0.018092841419576566,2024-12-03 21:13:12
TTD601,21655,sports,Lhore,11,1393,0.04426461527223511,2024-02-10 04:56:19
TTD602,74405,Electronics,Karachi,15,1441,0.29180248762778516,2024-07-27 07:32:40
TTD603,75107,Grocery,Karachi,19,629,0.08163415784881338,2025-01-20 03:07:27
TTD604,80411,book,Peshawar,18,3587,0.10311064452747616,2025-10-28 11:58:03
TTD605,65425,Electronics,Queeta,16,261,0.24121553300169896,2024-06-10 08:37:36
TTD606,87289,clothing,Islamabad,11,1292,0.04344530823121223,2025-05-17 16:06:57
TTD607,37109,book,Islamabad,9,3238,0.2350445286621647,2025-08-05 16:41:15
TTD608,31572,Electronics,Islamabad,10,1469,0.2676036827794421,2024-10-31 20:50:55
TTD609,12174,sports,Karachi,5,4333,0.06426317727442914,2025-05-09 13:13:51
TTD610,43589,sports,Islamabad,1,2513,0.046547170588693954,2025-11-06 12:08:45
TTD611,96777,sports,Karachi,5,3477,0.19078130098190701,2025-09-29 16:15:48
TTD612,71070,Electronics,Faisabad,2,4385,0.22078802225366265,2024-07-24 11:03:47
TTD613,85794,clothing,Islamabad,13,2427,0.10449613408053603,2024-12-01 14:33:26
TTD614,56359,clothing,Lhore,11,1607,0.12718299088282967,2025-07-10 18:22:27
TTD615,27583,Grocery,Karachi,4,455,0.0008771338094380465,2025-06-11 00:42:32
TTD616,87926,book,Queeta,6,2248,0.022876181137898865,2024-08-16 14:26:03
TTD617,26536,clothing,Queeta,19,2211,0.22211659596348982,2025-05-08 07:19:42
TTD618,84658,clothing,Karachi,2,1746,0.01741226726408582,2024-09-06 07:23:42
TTD619,65810,book,Faisabad,3,1734,0.15216413555813407,2024-08-19 09:19:46
TTD620,37449,book,Lhore,19,3864,0.28786378605666285,2024-06-26 08:07:57
TTD621,71596,Grocery,Lhore,9,3343,0.0017976642711487023,2024-04-22 10:49:22
TTD622,24208,Electronics,Peshawar,6,2930,0.24712981583399796,2024-08-18 17:46:10
TTD623,31650,Grocery,Lhore,19,1828,0.21696070866962164,2025-04-18 06:00:27
TTD624,61353,sports,Karachi,13,2270,0.012108634398246486,2025-04-15 20:16:03
TTD625,94617,sports,Islamabad,11,3428,0.018411552401534026,2025-11-04 02:56:08
TTD626,47647,book,Karachi,19,1167,0.14838070336916845,2025-01-09 14:26:08
TTD627,88129,sports,Queeta,15,1108,0.22501902886348796,2024-04-14 09:32:34
TTD628,38930,book,Faisabad,4,3641,0.13057509996804315,2024-04-30 12:17:30
TTD629,70145,Electronics,Islamabad,9,2215,0.2135498252121029,2024-07-04 14:06:54
TTD630,79441,Grocery,Karachi,15,4141,0.11167062492578447,2025-11-28 03:06:20
TTD631,94470,clothing,Lhore,10,630,0.19678007888325502,2024-12-23 20:04:58
TTD632,32901,clothing,Faisabad,8,3311,0.26390179953000764,2024-07-07 12:40:34
TTD633,75679,Electronics,Faisabad,17,354,0.10103969834207642,2024-10-28 23:10:30
TTD634,84823,Electronics,Karachi,6,2158,0.04092881140319094,2025-07-01 17:32:25
TTD635,43606,Electronics,Peshawar,8,4815,0.1648072241926311,2024-05-24 00:01:15
TTD636,32781,clothing,Queeta,6,3313,0.18325559001844044,2025-01-19 11:22:09
TTD637,87000,sports,Queeta,12,2071,0.2132402792120149,2024-11-29 20:16:10
TTD638,71679,Grocery,Faisabad,5,4982,0.20798523518335144,2024-02-17 15:02:39
TTD639,49130,book,Islamabad,1,4245,0.24720298773776064,2025-10-27 14:09:27
TTD640,77937,Grocery,Faisabad,15,2852,0.08382973886108523,2025-05-13 18:21:03
TTD641,46238,Electronics,Faisabad,4,4190,0.29146674595855465,2024-03-03 14:23:34
TTD642,79128,book,Lhore,12,4304,0.062266115032125,2024-10-10 21:28:33
TTD643,18754,clothing,Faisabad,4,193,0.193058453057556,2025-11-29 20:33:53
TTD644,35606,sports,Karachi,18,1225,0.2760540060289389,2024-08-18 07:55:43
TTD645,23704,sports,Islamabad,3,4194,0.03504919728319794,2025-01-26 12:32:18
TTD646,19023,Grocery,Lhore,7,4758,0.02583190924568397,2025-12-22 00:50:55
TTD647,36900,Grocery,Queeta,12,4326,0.23185143737398714,2024-08-24 11:49:46
TTD648,89378,clothing,Islamabad,16,3200,0.2779476868877151,2024-01-10 07:34:04
TTD649,49924,Electronics,Peshawar,7,2238,0.05196816627923757,2025-09-03 08:59:09
TTD650,45710,Grocery,Queeta,19,4760,0.2563860665208637,2024-01-21 03:18:21
TTD651,60986,book,Peshawar,17,709,0.1945817006673744,2024-03-08 11:03:46
TTD652,23691,clothing,Karachi,15,2916,0.11799882219621162,2025-07-15 11:24:28
TTD653,87499,Electronics,Islamabad,5,4015,0.23190656891687766,2025-02-16 13:09:26
TTD654,57761,Grocery,Peshawar,18,1206,0.07027631283039718,2025-06-12 21:08:19
TTD655,84771,Grocery,Karachi,6,4870,0.25236193646957256,2025-10-31 04:07:11
TTD656,11594,sports,Lhore,13,4673,0.27836105191013255,2025-08-17 22:08:28
TTD657,15626,sports,Queeta,15,776,0.16979814221889422,2024-01-30 18:04:11
TTD658,12142,Electronics,Lhore,13,2496,0.21628061564941045,2024-10-18 16:19:43
TTD659,35189,Electronics,Lhore,8,1408,0.027951885913700857,2024-03-17 02:13:23
TTD660,42520,book,Queeta,12,2641,0.27420392691096196,2025-05-30 02:10:00
TTD661,62629,clothing,Lhore,7,2094,0.19953862296139327,2025-03-25 14:59:40
TTD662,12557,Electronics,Karachi,15,895,0.18254691028043368,2024-05-29 15:58:17
TTD663,33408,Electronics,Lhore,18,2937,0.19415289679204234,2025-05-27 13:56:11
TTD664,29485,book,Islamabad,9,1531,0.15526050510982678,2025-03-29 10:16:37
TTD665,78106,book,Queeta,12,4799,0.0017757980466466038,2024-08-09 06:47:11
TTD666,68645,book,Faisabad,17,1760,0.09857484286361297,2025-02-03 03:19:36
TTD667,66911,clothing,Queeta,16,2546,0.07372041833286143,2025-11-16 04:26:11
TTD668,24172,book,Karachi,18,2373,0.240627485059178,2024-12-16 10:03:20
TTD669,20619,Grocery,Lhore,2,2671,0.16451913757551226,2024-06-11 05:14:17
TTD670,52728,Grocery,Peshawar,14,2659,0.24734199741724716,2024-04-04 14:24:58
TTD671,81334,Grocery,Peshawar,3,172,0.03137245066387754,2024-09-16 18:12:19
TTD672,53818,sports,Islamabad,12,4271,0.20339783849006274,2025-09-04 19:51:06
TTD673,24210,Grocery,Islamabad,7,4979,0.15941991206708384,2024-01-26 00:23:04
TTD674,51458,Electronics,Islamabad,2,2153,0.28869685463877354,2024-07-07 14:13:24
TTD675,24779,book,Peshawar,17,3174,0.230633838168675,2025-12-15 11:28:12
TTD676,90567,book,Lhore,17,2623,0.09486576933823056,2025-11-13 15:36:06
TTD677,28767,Grocery,Faisabad,13,3156,0.014982748175846838,2024-04-29 18:05:38
TTD678,12752,clothing,Islamabad,2,584,0.04437949487813953,2025-09-26 00:44:14
TTD679,49042,sports,Karachi,14,4819,0.043268928848274546,2024-11-24 09:30:33
TTD680,20911,Grocery,Lhore,5,2038,0.060584456110141766,2024-09-12 01:50:20
TTD681,40163,book,Karachi,8,4424,0.24540855913728282,2024-02-09 05:21:06
TTD682,36624,sports,Peshawar,9,2009,0.02835303791149254,2025-06-20 18:39:36
TTD683,42175,book,Karachi,14,1780,0.1907506783451531,2025-11-08 08:37:20
TTD684,96749,book,Islamabad,5,2082,0.14727947811448047,2025-11-26 03:22:25
TTD685,12817,book,Lhore,18,369,0.27405157182637535,2024-02-06 06:03:49
TTD686,44817,book,Karachi,1,3380,0.19541006321818985,2024-05-10 15:04:11
TTD687,35093,sports,Faisabad,7,550,0.13065031470431646,2025-03-04 22:13:47
TTD688,41553,clothing,Faisabad,6,1894,0.09316839059344877,2024-08-16 21:25:34
TTD689,84377,book,Islamabad,15,3658,0.16015296765012935,2025-06-04 04:25:09
TTD690,85614,book,Lhore,3,3447,0.22922183223631792,2025-12-20 02:17:50
TTD691,66884,sports,Lhore,4,3843,0.16038551349348043,2025-03-24 23:23:28
TTD692,15521,book,Lhore,7,446,0.24527139404350665,2024-11-08 08:36:14
TTD693,68811,book,Peshawar,2,4823,0.23545301180247946,2024-04-06 02:53:17
TTD694,86567,Grocery,Karachi,8,4185,0.24304492885849405,2025-08-12 13:19:53
TTD695,37379,book,Karachi,18,2075,0.20860184548947006,2024-10-16 17:13:41
TTD696,28519,book,Karachi,1,952,0.04524891600299519,2025-11-23 05:23:42
TTD697,72418,sports,Faisabad,5,893,0.15533128140592686,2025-10-22 15:39:52
TTD698,86525,sports,Lhore,5,3472,0.08188644336290593,2025-10-18 05:20:46
TTD699,33450,sports,Karachi,5,154,0.2177507697977137,2024-01-14 18:39:25
TTD700,34370,sports,Peshawar,3,3463,0.26774976315763155,2024-11-02 14:28:14
TTD701,79404,Electronics,Islamabad,4,3213,0.01806540818798855,2024-08-12 17:34:02
TTD702,81345,Grocery,Lhore,12,261,0.29641461930313107,2025-09-23 16:01:43
TTD703,92274,Grocery,Faisabad,12,170,0.17749371864140748,2025-03-17 15:12:34
TTD704,40459,book,Queeta,8,4454,0.13626195986842143,2025-06-22 15:34:23
TTD705,85033,book,Karachi,18,3036,0.04010719588561116,2025-05-18 02:22:12
TTD706,50986,book,Queeta,10,2639,0.19116214567579912,2025-02-15 13:53:26
TTD707,61737,clothing,Peshawar,8,3435,0.167473790391388,2024-03-10 04:51:18
TTD708,86765,book,Lhore,5,1525,0.26280767280020745,2025-09-02 09:19:26
TTD709,45994,Electronics,Peshawar,16,2969,0.021558772550086914,2024-04-08 15:29:31
TTD710,34754,book,Islamabad,4,4759,0.09813672483301286,2024-11-06 01:46:10
TTD711,46464,Electronics,Faisabad,10,692,0.2793287951315809,2025-02-27 19:05:21
TTD712,46889,Electronics,Islamabad,14,1083,0.07352706847928761,2025-07-17 06:33:30
TTD713,56988,book,Queeta,17,1093,0.21265745952603768,2025-05-11 01:55:58
TTD714,96498,sports,Karachi,1,2232,0.12078263088261725,2025-06-26 11:46:26
TTD715,69364,clothing,Lhore,9,2871,0.07329390845743675,2024-02-24 10:35:20
TTD716,91665,Grocery,Lhore,19,864,0.26202518508137435,2025-06-22 05:31:35
TTD717,87955,sports,Faisabad,5,1033,0.09797842873939613,2024-11-25 06:02:06
TTD718,31663,Grocery,Karachi,19,3322,0.007602419929671844,2025-12-29 13:23:36
TTD719,92474,Grocery,Lhore,9,4736,0.26274469287277935,2024-08-31 14:46:54
TTD720,58510,clothing,Lhore,15,2328,0.03805975299759307,2024-03-06 18:59:00
TTD721,83299,sports,Karachi,10,4355,0.17990446842141836,2025-06-02 23:25:58
TTD722,75005,book,Queeta,15,1686,0.15657021703528554,2024-10-26 07:40:48
TTD723,12060,Electronics,Peshawar,5,1651,0.047878451385097505,2025-08-17 00:44:32
TTD724,77353,clothing,Queeta,18,1512,0.10063898701112589,2025-12-27 14:30:41
TTD725,79361,clothing,Islamabad,17,4159,0.27809336959141656,2025-06-22 00:57:18
TTD726,52566,Grocery,Islamabad,17,4908,0.05005846816624301,2024-01-31 07:44:35
TTD727,59043,book,Islamabad,13,2594,0.019077213237101653,2025-08-19 05:28:53
TTD728,74432,sports,Faisabad,18,613,0.2173301631805429,2025-11-30 03:26:47
TTD729,59093,Electronics,Islamabad,2,745,0.22310346256618152,2025-06-15 04:59:05
TTD730,39067,Grocery,Faisabad,7,3999,0.07371555345780682,2024-12-18 04:01:44
TTD731,85372,Grocery,Islamabad,10,1785,0.16111118487842954,2024-12-27 11:20:37
TTD732,47827,Grocery,Faisabad,15,2738,0.13602189024002279,2025-07-29 16:01:06
TTD733,44972,book,Queeta,2,4241,0.23132638076601425,2025-03-25 15:54:28
TTD734,84768,book,Karachi,8,1681,0.02479614355900076,2024-03-23 06:33:57
TTD735,74469,Grocery,Lhore,3,477,0.037720735439800764,2025-06-25 05:26:09
TTD736,69634,book,Lhore,8,535,0.24911091688202514,2024-02-17 05:38:27
TTD737,31950,sports,Islamabad,17,4380,0.05837752754126025,2025-03-05 20:45:51
TTD738,59806,Electronics,Queeta,15,1338,0.25642143720685984,2024-10-13 11:23:17
TTD739,98529,Grocery,Lhore,15,2380,0.16393258689248122,2025-05-11 05:20:14
TTD740,78313,sports,Peshawar,16,1070,0.05612732749381472,2024-01-04 22:49:06
TTD741,28788,clothing,Peshawar,17,776,0.2388220780566003,2024-08-20 15:02:51
TTD742,23138,sports,Queeta,3,2608,0.045084114468321675,2024-05-03 11:52:38
TTD743,13930,sports,Peshawar,18,312,0.18191265893751798,2024-12-29 06:59:10
TTD744,19278,sports,Islamabad,4,888,0.28793130396837047,2024-10-03 21:27:38
TTD745,31912,Electronics,Karachi,4,1171,0.19495774906138494,2024-03-19 02:41:52
TTD746,50994,sports,Peshawar,3,3345,0.17525104893023327,2025-10-09 18:12:11
TTD747,83511,book,Peshawar,16,530,0.16407231070944303,2024-02-13 08:40:36
TTD748,62884,Grocery,Faisabad,16,2464,0.01177839766004718,2025-01-01 16:59:05
TTD749,52967,sports,Peshawar,4,195,0.27933633107600286,2025-01-28 14:14:47
TTD750,49086,book,Lhore,16,448,0.07529976266323705,2024-10-07 16:05:22
TTD751,20741,clothing,Peshawar,16,4849,0.003996330397990499,2025-04-05 05:59:54
TTD752,44491,Electronics,Queeta,17,644,0.16789506618984903,2025-05-03 11:26:04
TTD753,93809,Grocery,Faisabad,14,995,0.20727024522091372,2024-07-01 13:58:48
TTD754,65235,clothing,Islamabad,6,4448,0.256570847156016,2024-05-15 18:23:05
TTD755,35834,sports,Karachi,14,731,0.12143226002634411,2024-10-21 07:35:49
TTD756,92948,Grocery,Karachi,6,1314,0.07362776945901976,2024-09-19 16:20:06
TTD757,48898,book,Queeta,15,3271,0.25375840103920405,2024-05-02 21:01:32
TTD758,21008,Grocery,Peshawar,9,1895,0.23655882006818876,2024-09-10 00:37:26
TTD759,91324,book,Faisabad,12,3430,0.040107437320525983,2025-08-11 07:29:54
TTD760,79194,clothing,Karachi,18,982,0.2687005246676444,2024-12-12 07:21:45
TTD761,83801,clothing,Queeta,4,4302,0.19694574942352666,2025-03-20 04:36:40
TTD762,96561,sports,Faisabad,9,2329,0.059843965481772815,2025-02-13 05:28:49
TTD763,45147,book,Peshawar,5,3519,0.28857655227723467,2024-09-06 16:45:25
TTD764,39040,clothing,Queeta,7,1901,0.18689373602817902,2025-07-05 02:04:36
TTD765,96792,sports,Lhore,1,2265,0.08034382654953091,2024-02-19 08:48:22
TTD766,24670,clothing,Karachi,10,4041,0.1218959727559692,2024-04-21 08:38:55
TTD767,96869,Electronics,Karachi,8,1922,0.07144475696731861,2024-03-25 15:49:05
TTD768,90744,Grocery,Lhore,13,954,0.18526524238563505,2025-04-17 20:56:27
TTD769,75815,Grocery,Queeta,10,1772,0.14120797800277907,2025-08-28 07:47:12
TTD770,35826,sports,Karachi,14,3055,0.10345041018587599,2024-05-04 16:07:21
TTD771,82241,Electronics,Faisabad,15,4538,0.10229062405214769,2025-11-20 03:22:32
TTD772,95972,Grocery,Lhore,15,1348,0.10648177432295738,2025-03-04 15:39:05
TTD773,16654,Electronics,Lhore,10,4309,0.1317543485521461,2025-05-04 11:54:27
TTD774,70589,book,Lhore,2,2415,0.23361065596127145,2024-05-22 06:22:24
TTD775,68735,clothing,Islamabad,18,2654,0.1786478539834778,2024-12-27 15:43:14
TTD776,76207,Electronics,Islamabad,15,693,0.2866222412630405,2025-04-01 21:28:49
TTD777,47639,book,Islamabad,9,3584,0.00935986745224736,2024-03-03 01:14:06
TTD778,18247,Grocery,Peshawar,19,4564,0.25267202070782574,2025-02-28 23:30:23
TTD779,41825,sports,Peshawar,11,2946,0.1600086797388375,2024-03-26 15:18:46
TTD780,88208,Electronics,Faisabad,14,3274,0.27913972591239306,2024-06-10 18:33:00
TTD781,95214,clothing,Lhore,1,4143,0.22412726588399703,2025-01-11 01:15:47
TTD782,78122,Grocery,Islamabad,5,536,0.24410739097376663,2024-12-22 04:37:24
TTD783,53231,sports,Karachi,19,4482,0.048333860404930894,2025-10-27 06:41:40
TTD784,25576,Electronics,Queeta,18,4472,0.29749857402482655,2024-06-04 21:55:41
TTD785,75250,book,Peshawar,12,2674,0.19385082587476363,2025-09-12 23:05:13
TTD786,67861,clothing,Islamabad,7,394,0.15690763252497966,2024-12-11 19:07:39
TTD787,96439,clothing,Lhore,18,1918,0.02307236801260183,2025-11-21 12:41:00
TTD788,89838,clothing,Queeta,15,3476,0.21328681420930343,2024-12-02 05:58:49
TTD789,73748,clothing,Islamabad,7,4796,0.024142867792764897,2024-07-08 21:02:39
TTD790,51030,Grocery,Queeta,19,4036,0.11634091575208944,2025-06-08 06:44:21
TTD791,40330,book,Lhore,4,3295,0.033797436022346215,2024-04-21 14:55:49
TTD792,14258,Grocery,Islamabad,15,3274,0.023093457672153216,2024-09-26 20:01:51
TTD793,72838,sports,Islamabad,19,2966,0.2163362838572164,2025-03-05 11:05:33
TTD794,11338,book,Peshawar,9,3748,0.13279921324569766,2024-10-01 00:42:58
TTD795,51099,Grocery,Islamabad,7,2163,0.11501020929518001,2024-06-10 10:02:09
TTD796,35766,clothing,Karachi,9,3832,0.07071130903523272,2025-03-06 18:39:09
TTD797,99927,book,Peshawar,13,3157,0.19806105189106948,2024-12-14 03:14:47
TTD798,56087,clothing,Queeta,16,2458,0.07361480512755467,2025-10-26 14:20:10
TTD799,12373,Electronics,Peshawar,4,2608,0.2329635425800801,2025-11-19 03:31:01
TTD800,24932,Grocery,Peshawar,19,1101,0.262377907676434,2025-07-12 04:11:07
TTD801,60343,sports,Islamabad,19,3134,0.26159295547095407,2025-11-01 14:49:29
TTD802,18064,book,Islamabad,17,2226,0.2623863410499508,2025-06-16 14:24:32
TTD803,67912,book,Lhore,12,4827,0.037915526903182235,2024-07-06 19:24:19
TTD804,12756,Electronics,Peshawar,1,2648,0.27371408581709783,2025-06-15 03:15:48
TTD805,63312,book,Peshawar,11,679,0.01655546359482717,2024-09-25 22:13:28
TTD806,10288,Grocery,Lhore,4,2184,0.07610678410401596,2024-06-17 19:41:40
TTD807,58692,book,Queeta,8,2098,0.1295605843974237,2024-11-18 02:08:03
TTD808,36831,book,Queeta,10,2214,0.10251999352365554,2025-01-04 13:24:25
TTD809,10859,clothing,Karachi,1,3763,0.1605903473064145,2024-08-13 14:26:51
TTD810,90818,Grocery,Peshawar,2,1560,0.25214282858361925,2025-07-11 16:27:35
TTD811,56520,sports,Islamabad,5,2883,0.2874970850929945,2024-06-16 14:38:03
TTD812,93499,Electronics,Peshawar,14,3602,0.21051493607323524,2024-12-02 15:26:44
TTD813,69436,Electronics,Lhore,6,448,0.013636937313113861,2024-11-24 05:25:00
TTD814,16375,Electronics,Lhore,12,2542,0.2686685131776399,2024-12-26 13:48:48
TTD815,81668,Electronics,Karachi,12,4031,0.23283499841334565,2025-05-23 01:31:18
TTD816,79045,sports,Peshawar,9,3140,0.03695870592914079,2024-05-22 03:16:35
TTD817,37578,sports,Karachi,3,3865,0.2822479293156321,2025-06-30 22:28:15
TTD818,17859,clothing,Queeta,5,221,0.050751853331175135,2025-04-27 16:15:06
TTD819,52908,sports,Lhore,4,4001,0.12127497832803291,2024-07-10 15:48:25
TTD820,27795,sports,Queeta,11,2830,0.15422210027916497,2024-12-28 18:07:00
TTD821,61482,clothing,Karachi,5,1868,0.24636778654853275,2025-08-21 04:48:47
TTD822,78840,Grocery,Islamabad,2,880,0.10186003137350723,2024-07-01 22:53:23
TTD823,23413,Grocery,Karachi,2,914,0.1284311121676431,2025-10-30 05:58:49
TTD824,21181,Electronics,Queeta,16,361,0.20134790575283013,2025-04-10 08:34:19
TTD825,46172,Grocery,Queeta,12,1243,0.25383691046976375,2025-06-11 08:47:01
TTD826,56589,sports,Lhore,6,4852,0.20493946893637444,2024-08-10 18:14:42
TTD827,42631,clothing,Faisabad,1,3680,0.29972552788257545,2024-04-04 10:59:27
TTD828,95646,Electronics,Islamabad,1,1501,0.14608810923498844,2024-08-10 12:03:50
TTD829,83841,Grocery,Peshawar,15,4566,0.25727888302880547,2025-08-31 11:29:04
TTD830,74544,clothing,Lhore,1,3914,0.28231066369644126,2024-01-17 00:47:16
TTD831,27299,Grocery,Peshawar,4,1072,0.24935358794830342,2025-09-25 02:46:48
TTD832,21281,clothing,Islamabad,16,616,0.0874086761901761,2024-09-22 07:17:44
TTD833,31577,Electronics,Karachi,1,3435,0.15725706863205857,2025-10-12 05:23:47
TTD834,24815,Grocery,Queeta,8,1991,0.008074417818395352,2024-04-08 05:54:12
TTD835,47684,Grocery,Queeta,12,588,0.18694364582048237,2025-09-09 02:28:29
TTD836,77692,clothing,Karachi,11,3989,0.1874732260620516,2025-12-28 14:32:46
TTD837,60579,Grocery,Queeta,19,3023,0.17152236336217788,2025-12-27 20:17:09
TTD838,11853,book,Lhore,9,96,0.23441229490681373,2025-04-01 00:47:18
TTD839,74207,clothing,Peshawar,3,1446,0.20994684498682628,2025-07-30 16:35:45
TTD840,47666,Electronics,Lhore,17,695,0.13252037591383442,2024-06-16 22:27:18
TTD841,38918,book,Peshawar,19,4698,0.08242246865291114,2025-04-30 17:18:38
TTD842,70038,Electronics,Lhore,16,313,0.17791946344693357,2025-10-28 18:51:54
TTD843,45779,book,Faisabad,13,432,0.034340998651242446,2025-03-14 07:34:16
TTD844,53259,sports,Islamabad,5,1146,0.007609832572058051,2024-02-08 08:31:11
TTD845,97315,sports,Peshawar,11,1205,0.29390133129827706,2025-11-10 09:22:26
TTD846,17406,clothing,Islamabad,7,2311,0.047510196803444205,2025-06-14 05:21:19
TTD847,89743,clothing,Peshawar,15,3307,0.10884059555593044,2024-06-26 04:56:06
TTD848,41790,Grocery,Lhore,5,512,0.17223851149600974,2024-12-04 02:26:01
TTD849,13908,sports,Islamabad,3,1246,0.2518601231882745,2024-08-19 05:30:46
TTD850,73733,book,Lhore,15,4000,0.20807628207992443,2025-10-10 13:23:10
TTD851,38421,Electronics,Islamabad,7,3349,0.2970098442840244,2024-07-16 04:37:57
TTD852,73882,Grocery,Faisabad,4,4153,0.0867685828469389,2024-10-05 10:01:44
TTD853,28093,Electronics,Faisabad,16,1092,0.15971015361117527,2024-03-08 01:15:57
TTD854,40537,Electronics,Queeta,10,544,0.007591869852971988,2025-03-10 11:45:08
TTD855,16414,Electronics,Faisabad,3,2251,0.2298948277083132,2024-08-17 12:45:46
TTD856,92196,book,Peshawar,9,1785,0.25178897106333203,2024-10-25 01:15:06
TTD857,87506,sports,Karachi,16,4015,0.1379899282968872,2024-05-03 15:29:54
TTD858,19460,clothing,Karachi,12,4702,0.23905702694078879,2024-02-12 14:53:50
TTD859,90013,Electronics,Peshawar,9,109,0.1435335328641881,2024-06-17 08:12:49
TTD860,53663,Grocery,Peshawar,8,660,0.0857604317713722,2024-08-05 12:33:44
TTD861,20563,Electronics,Lhore,8,3405,0.03758549436252571,2024-08-18 09:39:59
TTD862,57239,book,Peshawar,14,178,0.17265633035454236,2025-03-23 12:54:43
TTD863,88401,Electronics,Karachi,4,2577,0.24449332544207342,2025-05-21 01:29:51
TTD864,32396,clothing,Islamabad,4,2839,0.2465779349180851,2025-01-17 09:47:33
TTD865,58175,Grocery,Lhore,3,1211,0.09054838456239683,2024-04-09 22:45:17
TTD866,90916,book,Queeta,3,3438,0.20526616508411935,2025-05-03 03:58:41
TTD867,29007,Electronics,Islamabad,19,596,0.28000269963380464,2025-01-02 20:31:05
TTD868,74492,sports,Karachi,2,415,0.13288372714801597,2025-02-13 00:09:16
TTD869,44599,Grocery,Peshawar,16,1942,0.13893900878014362,2024-12-03 21:37:21
TTD870,18995,book,Karachi,15,3809,0.10240791812088837,2025-03-04 08:18:39
TTD871,11847,sports,Karachi,8,72,0.0749993723897016,2024-07-03 21:41:18
TTD872,25569,sports,Peshawar,12,338,0.1638635986510166,2024-12-13 23:10:56
TTD873,20842,book,Islamabad,19,3947,0.1753268532619947,2024-02-04 14:12:33
TTD874,83712,Grocery,Lhore,9,3063,0.11387670432485965,2025-06-12 11:59:03
TTD875,16861,book,Faisabad,18,3693,0.28041161459861247,2024-04-17 04:51:41
TTD876,82881,sports,Queeta,12,4444,0.29524540101213825,2025-04-19 17:15:10
TTD877,67781,Grocery,Islamabad,1,4874,0.2332522187360536,2024-08-19 12:28:17
TTD878,45470,Electronics,Islamabad,12,4207,0.28732726429118455,2025-04-13 16:49:28
TTD879,61396,Electronics,Islamabad,9,495,0.13868729278713507,2024-08-01 07:17:21
TTD880,81995,book,Peshawar,3,4737,0.24270300017446977,2025-12-08 06:30:42
TTD881,68299,Grocery,Islamabad,3,2663,0.14701660549544546,2025-07-25 03:12:44
TTD882,59292,Electronics,Islamabad,18,4657,0.24106748093371894,2025-07-06 15:15:37
TTD883,86801,clothing,Karachi,5,3334,0.23954221372482715,2025-11-12 09:50:05
TTD884,90158,sports,Faisabad,19,3849,0.01677649252376806,2025-08-23 03:51:28
TTD885,54662,book,Faisabad,10,3522,0.274604099098145,2025-11-04 18:09:03
TTD886,22830,clothing,Lhore,12,583,0.2650168619470862,2025-10-21 20:16:06
TTD887,24726,clothing,Peshawar,16,2220,0.06517490793217635,2025-07-13 21:19:04
TTD888,86851,book,Lhore,3,991,0.2785299102572019,2024-02-09 08:13:25
TTD889,79408,Electronics,Queeta,8,3547,0.04435608740785783,2025-07-18 05:03:33
TTD890,46298,sports,Karachi,5,2044,0.11928500963638147,2024-01-17 23:40:32
TTD891,72188,book,Islamabad,4,2791,0.0742173029107794,2024-01-25 15:51:38
TTD892,10526,clothing,Islamabad,17,132,0.03184288407780913,2025-12-09 23:39:19
TTD893,33723,clothing,Peshawar,17,4020,0.18606508083617068,2024-01-31 11:28:58
TTD894,52204,sports,Queeta,19,4356,0.17995359457667037,2025-04-30 13:35:30
TTD895,75935,clothing,Peshawar,13,4141,0.08775847559647594,2025-11-29 22:29:02
TTD896,76775,book,Queeta,18,1914,0.12013391178930972,2024-10-04 07:58:30
TTD897,11640,Grocery,Faisabad,11,4854,0.2546173555937664,2024-07-28 21:29:16
TTD898,85022,Grocery,Karachi,11,1696,0.24480565249926192,2025-11-12 23:30:36
TTD899,79514,Electronics,Peshawar,17,1200,0.06918337585174013,2024-10-19 22:13:38
TTD900,20567,book,Faisabad,8,1535,0.10933053573678532,2025-09-25 07:31:29
TTD901,13048,clothing,Faisabad,7,291,0.2816948683383811,2025-04-19 13:45:47
TTD902,13627,clothing,Faisabad,9,1845,0.18703558910450782,2025-04-22 05:07:30
TTD903,16181,clothing,Islamabad,3,2572,0.03546207921562616,2025-04-04 08:30:04
TTD904,92435,sports,Karachi,6,2358,0.22699878604485402,2025-08-11 02:58:07
TTD905,29617,sports,Lhore,1,1062,0.2865855276363071,2025-08-28 03:28:00
TTD906,16065,clothing,Faisabad,10,2956,0.05954864488371472,2025-05-11 04:52:42
TTD907,42269,book,Islamabad,15,376,0.1872994713150877,2024-12-19 21:12:53
TTD908,74400,sports,Queeta,10,2617,0.03214822592087665,2024-11-28 18:28:50
TTD909,12562,Electronics,Islamabad,12,1874,0.08227499574436915,2025-07-12 11:10:19
TTD910,19500,Grocery,Lhore,12,3737,0.019860724398553787,2024-07-19 11:28:53
TTD911,56236,book,Faisabad,3,1720,0.2864475797445138,2024-07-02 08:15:06
TTD912,73949,sports,Queeta,15,2177,0.24817351545837438,2024-12-01 08:07:00
TTD913,20782,sports,Queeta,9,4402,0.20094275289086214,2025-07-07 18:18:36
TTD914,84666,Electronics,Queeta,3,4092,0.02393697393258265,2025-07-15 14:41:09
TTD915,33170,book,Queeta,8,2458,0.02083906547737605,2025-01-09 03:29:30
TTD916,77258,Grocery,Faisabad,18,1874,0.09635289624232161,2025-01-03 13:09:11
TTD917,15589,Electronics,Faisabad,17,4666,0.11778073580520625,2025-04-29 04:15:50
TTD918,90877,clothing,Peshawar,16,4362,0.11496904920086946,2024-04-15 17:59:30
TTD919,99824,book,Faisabad,3,827,0.044626853473452334,2024-05-14 11:59:38
TTD920,71347,Grocery,Peshawar,3,1751,0.1477568496686239,2025-08-20 09:01:30
TTD921,16990,Electronics,Queeta,12,4341,0.013194049139624442,2025-06-12 17:54:00
TTD922,92890,clothing,Karachi,11,133,0.045505926671266406,2024-07-17 13:56:16
TTD923,21762,sports,Peshawar,5,2854,0.1928552218284874,2024-03-02 05:21:19
TTD924,67598,book,Karachi,6,3031,0.05651044863662252,2025-06-14 17:03:24
TTD925,21862,Grocery,Queeta,19,1590,0.07638670967648116,2025-08-16 12:11:42
TTD926,85933,sports,Lhore,2,1870,0.24707582946848267,2024-05-21 14:11:15
TTD927,11376,sports,Peshawar,18,893,0.2701929778762054,2025-11-10 12:00:04
TTD928,44693,Electronics,Lhore,6,4512,0.1943115335842261,2024-03-04 14:00:30
TTD929,13531,Grocery,Lhore,18,2210,0.2783329027193265,2025-09-21 17:17:52
TTD930,17094,sports,Peshawar,6,4881,0.19083367323534364,2025-07-17 04:44:23
TTD931,35459,book,Faisabad,1,93,0.25655060797436857,2024-04-30 21:11:02
TTD932,46092,sports,Queeta,6,759,0.08592073066094068,2024-10-28 22:47:15
TTD933,68488,clothing,Karachi,9,290,0.2342730583248167,2025-09-17 03:49:17
TTD934,13058,Grocery,Lhore,17,4647,0.17580596576866078,2025-07-17 23:34:19
TTD935,10920,clothing,Peshawar,2,3329,0.014400298815713052,2024-01-18 18:30:33
TTD936,64514,book,Peshawar,11,3950,0.0638286212503639,2025-01-12 23:52:10
TTD937,45798,sports,Peshawar,12,1212,0.12522746786043967,2024-07-31 17:33:06
TTD938,56263,sports,Queeta,5,4028,0.08690328093852275,2025-04-09 19:56:12
TTD939,66561,sports,Peshawar,12,573,0.06408788151701486,2025-09-19 20:01:54
TTD940,69561,book,Queeta,12,344,0.09378460312646249,2024-05-03 12:46:34
TTD941,50085,book,Lhore,15,3776,0.17461986096977342,2025-12-13 15:15:49
TTD942,31486,book,Peshawar,5,1197,0.16341765216551044,2024-10-11 21:46:16
TTD943,91991,clothing,Queeta,10,1769,0.28915811215253145,2025-10-10 00:45:29
TTD944,35125,Electronics,Islamabad,3,3258,0.21967045739201818,2025-08-09 15:28:29
TTD945,26544,sports,Queeta,13,1337,0.09255484682321127,2024-06-04 09:04:42
TTD946,85293,sports,Faisabad,15,2199,0.2799521787407506,2025-07-23 19:52:02
TTD947,72345,Grocery,Karachi,8,2724,0.2523411988299114,2025-03-14 03:50:37
TTD948,70642,clothing,Faisabad,7,2878,0.2161888465009024,2025-02-10 02:44:16
TTD949,37554,Grocery,Peshawar,9,2275,0.10917851771116359,2024-02-13 23:13:32
TTD950,45478,Grocery,Peshawar,13,4023,0.0574092663218516,2024-01-11 21:40:36
TTD951,64368,Grocery,Lhore,10,752,0.23716609029042915,2025-08-05 21:23:28
TTD952,64669,Grocery,Peshawar,6,679,0.07298793002830034,2024-03-15 03:00:51
TTD953,31622,Electronics,Lhore,3,3122,0.010928499125682266,2025-06-28 12:18:04
TTD954,81977,clothing,Peshawar,8,2921,0.19268415785300294,2024-05-19 06:00:41
TTD955,73558,book,Peshawar,18,4809,0.27533569517260864,2025-07-21 19:18:36
TTD956,34035,Electronics,Islamabad,16,594,0.2286957570002093,2024-10-25 13:37:46
TTD957,99106,Grocery,Peshawar,14,78,0.27169552524506974,2025-10-03 17:24:59
TTD958,24580,book,Queeta,13,4870,0.01099147380170743,2025-07-05 21:06:44
TTD959,54554,Grocery,Lhore,9,2457,0.1345802236120674,2025-09-30 04:21:57
TTD960,40134,sports,Peshawar,5,636,0.012017874595245014,2025-04-22 08:51:51
TTD961,55646,sports,Queeta,18,596,0.24588428921044667,2025-05-18 02:22:47
TTD962,87271,book,Faisabad,2,3361,0.22905315157254777,2024-05-22 11:15:03
TTD963,23635,sports,Karachi,3,3162,0.2156845251710675,2025-09-08 17:55:39
TTD964,88959,Grocery,Queeta,10,3869,0.29248511514890563,2025-07-25 12:21:31
TTD965,24060,book,Islamabad,16,2136,0.1212034013076812,2024-01-22 05:04:54
TTD966,51466,clothing,Islamabad,12,3175,0.09690376065855974,2025-05-17 11:02:31
TTD967,90815,sports,Karachi,5,173,0.12939565310451281,2024-05-08 22:32:52
TTD968,10754,book,Karachi,7,4897,0.1781883856187492,2024-05-12 11:07:04
TTD969,89979,Grocery,Peshawar,6,2717,0.0015885832890163653,2024-03-09 06:14:56
TTD970,44131,book,Faisabad,1,2728,0.20765312225850166,2025-11-30 10:13:28
TTD971,83885,sports,Queeta,12,2553,0.22646449483554776,2024-07-20 14:31:05
TTD972,25342,Grocery,Lhore,17,334,0.0439115572962208,2025-09-14 04:57:06
TTD973,27213,Electronics,Karachi,18,1813,0.2688524945922106,2025-01-05 06:30:59
TTD974,11671,Grocery,Karachi,4,2728,0.08330697542899886,2025-10-26 16:59:02
TTD975,73722,Electronics,Islamabad,4,1158,0.2562600419058767,2024-11-12 17:09:20
TTD976,54562,book,Lhore,8,2677,0.0995402651010998,2025-12-30 12:27:18
TTD977,45221,book,Queeta,18,256,0.16574965581764178,2024-04-14 22:10:33
TTD978,95679,clothing,Karachi,12,4378,0.015780383344027215,2024-10-28 23:32:33
TTD979,48142,Electronics,Lhore,15,2218,0.029057786083422465,2025-08-04 23:31:48
TTD980,68245,Electronics,Queeta,7,1125,0.25622235880897537,2025-07-04 05:47:11
TTD981,77604,book,Lhore,14,3209,0.006711856197770649,2024-02-10 21:27:51
TTD982,22555,sports,Karachi,11,1915,0.04826437430040524,2025-04-21 19:21:44
TTD983,64590,Electronics,Karachi,14,3734,0.02081766116514172,2024-06-30 19:39:42
TTD984,76944,Grocery,Faisabad,18,2846,0.26202886624934113,2025-11-25 14:45:24
TTD985,93458,book,Faisabad,18,1115,0.24483124374420506,2025-06-18 19:03:34
TTD986,33263,Grocery,Lhore,11,2181,0.10925848592002689,2024-07-10 20:37:48
TTD987,52569,clothing,Karachi,6,2551,0.07004881622049296,2025-06-17 09:31:12
TTD988,45134,Electronics,Lhore,2,836,0.21224912789181496,2025-04-04 22:48:53
TTD989,22896,clothing,Islamabad,11,2469,0.28498586708212015,2025-09-03 16:10:15
TTD990,42762,clothing,Lhore,5,4261,0.20380111147565824,2024-08-14 03:09:27
TTD991,11423,Electronics,Karachi,18,4675,0.280192276713768,2025-02-07 13:02:32
TTD992,45304,book,Islamabad,5,4963,0.007674040160755768,2024-09-20 15:18:02
TTD993,12311,Grocery,Lhore,14,107,0.298621272039782,2024-06-17 11:50:10
TTD994,83005,clothing,Queeta,19,1455,0.10826709085901136,2024-05-31 23:16:27
TTD995,57667,sports,Lhore,10,2946,0.10902430533784345,2025-01-17 02:06:31
TTD996,54154,Electronics,Peshawar,1,3027,0.13717233285105973,2024-03-15 17:25:05
TTD997,25137,sports,Karachi,4,580,0.16878773563143384,2025-09-18 03:40:56
TTD998,86807,clothing,Peshawar,16,2936,0.2504764382637342,2024-09-02 02:59:24
TTD999,52562,book,Peshawar,7,643,0.16918695669284703,2025-05-05 12:27:52
TTD1000,30222,Electronics,Peshawar,18,514,0.002306184488268048,2025-07-16 23:59:23
